id,name,open,labeled,commented,closed
MDU6SXNzdWUzOTIzMzQ4MjM=,https://github.com/google/docsy/issues/2,2018-12-18T21:03:54Z,2023-08-04T21:23:43Z,2023-02-20T16:16:55Z,
MDU6SXNzdWUzOTM2MTMyMTU=,https://github.com/google/docsy/issues/3,2018-12-21T22:58:41Z,,2018-12-23T03:10Z,2019-07-01T14:55:43Z
MDU6SXNzdWUzOTM5NDkzNDA=,https://github.com/google/docsy/issues/4,2018-12-25T02:30:25Z,,2019-01-07T18:17:49Z,2019-01-07T18:17:49Z
MDU6SXNzdWUzOTUxNjU5ODg=,https://github.com/google/docsy/issues/6,2019-01-02T07:17:57Z,2019-03-11T17:38:44Z,2023-06-02T17:19:10Z,2023-06-02T17:19:10Z
MDU6SXNzdWUzOTUxNzAzMDM=,https://github.com/google/docsy/issues/7,2019-01-02T07:47:34Z,2023-06-02T17:21:34Z,,
MDU6SXNzdWUzOTY1OTUzNzY=,https://github.com/google/docsy/issues/9,2019-01-07T18:18:37Z,2019-03-11T17:36:30Z,2019-01-07T21:08:11Z,2019-04-29T16:21:10Z
MDU6SXNzdWUzOTY1OTU4ODQ=,https://github.com/google/docsy/issues/10,2019-01-07T18:20:20Z,2019-03-11T17:39:39Z,2019-07-01T14:53:47Z,2019-07-01T14:53:47Z
MDU6SXNzdWUzOTY1OTcxNjc=,https://github.com/google/docsy/issues/11,2019-01-07T18:24:23Z,2019-03-11T17:37:19Z,2019-01-21T16:08:11Z,2019-06-26T15:06:12Z
MDU6SXNzdWUzOTY1OTc5ODk=,https://github.com/google/docsy/issues/12,2019-01-07T18:27:08Z,,2023-06-02T17:23:01Z,2023-06-02T17:23:01Z
MDU6SXNzdWU0MDMyNzM1Mjc=,https://github.com/google/docsy/issues/18,2019-01-25T18:21:08Z,,2019-01-26T07:54:08Z,2019-01-27T00:11:29Z
MDU6SXNzdWU0MDQ3OTIxODU=,https://github.com/google/docsy/issues/19,2019-01-30T14:19:17Z,2019-03-11T17:39:18Z,2019-11-21T11:14:47Z,2019-11-21T11:14:47Z
MDU6SXNzdWU0MDQ3OTM2Mzk=,https://github.com/google/docsy/issues/20,2019-01-30T14:22:42Z,,2019-01-30T14:23:14Z,2019-04-30T15:05:16Z
MDU6SXNzdWU0MDY0NjQ0MTU=,https://github.com/google/docsy/issues/21,2019-02-04T18:41:17Z,2019-03-11T17:36:13Z,,2019-07-02T15:05:11Z
MDU6SXNzdWU0MDY0NjQ1MDA=,https://github.com/google/docsy/issues/22,2019-02-04T18:41:32Z,2019-03-11T17:39:08Z,2019-04-30T15:04:02Z,2019-04-30T15:04:02Z
MDU6SXNzdWU0MDY0NjQ3MzI=,https://github.com/google/docsy/issues/23,2019-02-04T18:42:11Z,,2022-02-25T16:30:52Z,2022-02-25T16:30:52Z
MDU6SXNzdWU0MDY0NjQ4NTI=,https://github.com/google/docsy/issues/24,2019-02-04T18:42:30Z,,2019-02-04T18:46:39Z,2019-02-04T18:46:39Z
MDU6SXNzdWU0MDY0NjQ5NzU=,https://github.com/google/docsy/issues/25,2019-02-04T18:42:48Z,2019-03-11T17:28:26Z,2019-02-11T18:22:28Z,2019-03-11T17:33:36Z
MDU6SXNzdWU0MDY0NjUxMTA=,https://github.com/google/docsy/issues/26,2019-02-04T18:43:08Z,2019-03-11T17:38Z,2019-07-10T16:55:19Z,2019-07-10T16:55:23Z
MDU6SXNzdWU0MDY0Njc1NjE=,https://github.com/google/docsy/issues/27,2019-02-04T18:49:43Z,2019-03-11T17:37:07Z,2019-02-08T17:07:08Z,2019-04-30T15:06:22Z
MDU6SXNzdWU0MDY0Njc2Mzc=,https://github.com/google/docsy/issues/28,2019-02-04T18:49:56Z,2019-03-11T17:38:17Z,2019-04-01T14:50:02Z,2019-04-30T15:03:29Z
MDU6SXNzdWU0MDkzMjExMTI=,https://github.com/google/docsy/issues/29,2019-02-12T14:16:17Z,,2019-04-01T14:34:28Z,2019-04-01T14:34:28Z
MDU6SXNzdWU0MDkzMjYyNzY=,https://github.com/google/docsy/issues/30,2019-02-12T14:27:07Z,,2019-07-02T10:39:34Z,2019-07-02T10:39:34Z
MDU6SXNzdWU0MTA1NDU4Njg=,https://github.com/google/docsy/issues/31,2019-02-14T23:57:18Z,,2019-05-01T13:46:33Z,2019-05-01T13:46:41Z
MDU6SXNzdWU0MTA1NjY5NzY=,https://github.com/google/docsy/issues/32,2019-02-15T01:34:37Z,,2019-04-01T15:47:39Z,2019-06-28T14:20:27Z
MDU6SXNzdWU0MTA2MTY3MDM=,https://github.com/google/docsy/issues/34,2019-02-15T05:54:53Z,,,2019-03-12T01:19:57Z
MDU6SXNzdWU0MTEzNzQ4MzA=,https://github.com/google/docsy/issues/38,2019-02-18T09:20:28Z,2023-08-04T21:23:16Z,2019-09-23T09:43:51Z,
MDU6SXNzdWU0MTQzODIxMjA=,https://github.com/google/docsy/issues/39,2019-02-26T01:10:12Z,,2019-07-01T15:34:46Z,2019-07-02T10:22:16Z
MDU6SXNzdWU0MTQ1NTA5NzQ=,https://github.com/google/docsy/issues/40,2019-02-26T10:56:56Z,,2019-03-27T15:48:46Z,2019-05-29T14:01:29Z
MDU6SXNzdWU0MTQ2Njg0ODU=,https://github.com/google/docsy/issues/41,2019-02-26T15:24:56Z,,,2019-05-01T13:52:09Z
MDU6SXNzdWU0MTQ4OTg4NDY=,https://github.com/google/docsy/issues/42,2019-02-27T01:19:45Z,,2019-04-01T14:49:10Z,2019-04-01T14:49:10Z
MDU6SXNzdWU0MTU1OTMyNTA=,https://github.com/google/docsy/issues/43,2019-02-28T12:11:03Z,,,2023-06-02T17:08:43Z
MDU6SXNzdWU0MTU1OTQ2ODc=,https://github.com/google/docsy/issues/44,2019-02-28T12:14:49Z,,2019-03-22T16:51:58Z,2019-04-30T14:55:43Z
MDU6SXNzdWU0MTU2NzcyMjQ=,https://github.com/google/docsy/issues/45,2019-02-28T15:22:05Z,,2019-05-01T14:40:19Z,2019-11-13T15:27:24Z
MDU6SXNzdWU0MTYzODUwNzQ=,https://github.com/google/docsy/issues/46,2019-03-02T10:50:06Z,,2019-03-04T15:28:49Z,2019-06-24T11:50:33Z
MDU6SXNzdWU0MTY5MjkwOTg=,https://github.com/google/docsy/issues/47,2019-03-04T18:16:03Z,2019-03-11T17:37:35Z,2019-04-29T16:19:17Z,2019-04-29T16:19:17Z
MDU6SXNzdWU0MTcwNzA4NTk=,https://github.com/google/docsy/issues/48,2019-03-05T01:28:45Z,,2019-07-18T16:00:10Z,2022-11-01T22:32:18Z
MDU6SXNzdWU0MTk2MDA2Njk=,https://github.com/google/docsy/issues/51,2019-03-11T17:44:52Z,,2019-04-01T15:57:28Z,2023-06-02T17:20:30Z
MDU6SXNzdWU0MjAwOTc5NDI=,https://github.com/google/docsy/issues/52,2019-03-12T16:55:21Z,,2020-06-27T13:10:13Z,2023-06-02T17:50:19Z
MDU6SXNzdWU0MjA1MDQyOTU=,https://github.com/google/docsy/issues/53,2019-03-13T13:38:21Z,,2019-03-13T16:46:38Z,2019-06-28T23:12:55Z
MDU6SXNzdWU0MjA5NDMzMjQ=,https://github.com/google/docsy/issues/54,2019-03-14T10:38:05Z,,2019-03-22T16:35:50Z,2019-06-06T17:50:40Z
MDU6SXNzdWU0MjExODk4NjE=,https://github.com/google/docsy/issues/55,2019-03-14T18:53:21Z,,2019-06-04T12:50:25Z,2019-07-02T10:32:14Z
MDU6SXNzdWU0MjQzMTAxMTU=,https://github.com/google/docsy/issues/58,2019-03-22T17:02:17Z,,2019-04-26T14:02:20Z,2019-05-01T13:51:51Z
MDU6SXNzdWU0MjU5MTE5NDQ=,https://github.com/google/docsy/issues/60,2019-03-27T11:44:02Z,,2019-03-27T15:48:19Z,2019-03-27T15:48:19Z
MDU6SXNzdWU0Mjc0NTQ3OTc=,https://github.com/google/docsy/issues/62,2019-03-31T22:25:41Z,2023-01-27T13:54:04Z,2019-03-31T22:30:52Z,
MDU6SXNzdWU0Mjc0NTU3MTc=,https://github.com/google/docsy/issues/63,2019-03-31T22:34:30Z,,2019-04-08T13:32:26Z,2019-04-16T15:34:54Z
MDU6SXNzdWU0MzMwOTM2NDg=,https://github.com/google/docsy/issues/70,2019-04-15T04:51:06Z,2023-01-11T15:36:55Z,2019-04-15T04:51:36Z,2019-06-13T14:51:16Z
MDU6SXNzdWU0NDk1MDE3MDU=,https://github.com/google/docsy/issues/75,2019-05-28T22:15:27Z,,2019-05-28T22:27:39Z,2019-06-10T10:32:01Z
MDU6SXNzdWU0NDk5MzgyOTQ=,https://github.com/google/docsy/issues/76,2019-05-29T17:44:36Z,,2019-05-29T18:11:17Z,2019-06-14T18:24:15Z
MDU6SXNzdWU0NTA4NDA5NDY=,https://github.com/google/docsy/issues/77,2019-05-31T14:57:29Z,,,2019-06-10T10:32:28Z
MDU6SXNzdWU0NTA5NzM3MTU=,https://github.com/google/docsy/issues/80,2019-05-31T20:43:15Z,,2019-06-04T13:06:46Z,2019-06-04T13:07:08Z
MDU6SXNzdWU0NTIwNDA0Mjg=,https://github.com/google/docsy/issues/83,2019-06-04T14:46:26Z,,2019-06-04T17:24:17Z,2019-06-24T10:03:42Z
MDU6SXNzdWU0NTQyODEyMDc=,https://github.com/google/docsy/issues/86,2019-06-10T17:31:29Z,,2019-06-13T12:57:34Z,2019-06-13T12:57:34Z
MDU6SXNzdWU0NTUxODY1MDQ=,https://github.com/google/docsy/issues/88,2019-06-12T12:32:27Z,,2019-06-12T12:40:31Z,2019-06-24T13:36:11Z
MDU6SXNzdWU0NTY1OTI4NTY=,https://github.com/google/docsy/issues/91,2019-06-16T02:02:17Z,2023-06-02T17:24:06Z,2020-02-20T00:28:03Z,
MDU6SXNzdWU0NTcwNDc1MzI=,https://github.com/google/docsy/issues/92,2019-06-17T17:14:46Z,2023-01-11T15:36:56Z,2019-06-24T10:04:26Z,2019-06-24T10:04:26Z
MDU6SXNzdWU0NjY1NTc1MDY=,https://github.com/google/docsy/issues/100,2019-07-10T22:39:01Z,2023-08-04T21:24:18Z,2019-07-12T14:37:56Z,
MDU6SXNzdWU0Njc0MDczNDY=,https://github.com/google/docsy/issues/103,2019-07-12T13:12:39Z,,2019-07-12T13:14:19Z,2019-07-15T16:05:35Z
MDU6SXNzdWU0NjkwMjE0NDY=,https://github.com/google/docsy/issues/106,2019-07-17T06:58:40Z,,2019-07-17T18:22:10Z,2019-07-18T00:01:59Z
MDU6SXNzdWU0Njk1OTc5MDE=,https://github.com/google/docsy/issues/110,2019-07-18T06:47:52Z,,2019-07-19T01:07:37Z,2021-06-06T06:19:33Z
MDU6SXNzdWU0NzA4NDc2NzI=,https://github.com/google/docsy/issues/114,2019-07-22T00:55:54Z,,2019-07-22T09:27:16Z,
MDU6SXNzdWU0NzEwMjI1NTI=,https://github.com/google/docsy/issues/115,2019-07-22T10:42:34Z,,2019-07-23T08:46:57Z,2019-08-12T11:08:29Z
MDU6SXNzdWU0NzE1OTEwMjU=,https://github.com/google/docsy/issues/116,2019-07-23T09:40:17Z,,2019-07-24T08:27:49Z,2019-07-24T09:13:11Z
MDU6SXNzdWU0NzY1OTA3Mjc=,https://github.com/google/docsy/issues/118,2019-08-04T20:27:20Z,,2019-08-05T02:55:58Z,2019-09-02T13:09:06Z
MDU6SXNzdWU0Nzg5ODg4OTM=,https://github.com/google/docsy/issues/120,2019-08-09T13:32:14Z,,2019-08-12T09:36:05Z,2021-12-15T16:23:14Z
MDU6SXNzdWU0ODMzODg1MDM=,https://github.com/google/docsy/issues/122,2019-08-21T12:24Z,,2019-08-21T13:42:04Z,2020-04-08T16:54:24Z
MDU6SXNzdWU0OTM5MzU1MDc=,https://github.com/google/docsy/issues/126,2019-09-16T09:22:06Z,,2019-09-16T13:58:15Z,2019-10-09T16:09:17Z
MDU6SXNzdWU0OTY1MjYyMTY=,https://github.com/google/docsy/issues/130,2019-09-20T20:08:30Z,,2019-09-24T09:49:19Z,2019-09-24T10:12:45Z
MDU6SXNzdWU0OTY1MzcxNDc=,https://github.com/google/docsy/issues/131,2019-09-20T20:38:32Z,,2019-09-25T14:25:11Z,2019-09-26T06:03:46Z
MDU6SXNzdWU0OTY5MjAwMzk=,https://github.com/google/docsy/issues/132,2019-09-23T06:42:30Z,,2019-09-24T09:46:38Z,2019-09-24T16:36:58Z
MDU6SXNzdWU0OTk0NTk1Mzk=,https://github.com/google/docsy/issues/136,2019-09-27T13:52:20Z,,2019-11-14T14:29:03Z,2019-11-14T14:29:03Z
MDU6SXNzdWU1MDM3OTA5NDY=,https://github.com/google/docsy/issues/138,2019-10-08T02:42:25Z,,2019-10-08T18:54:57Z,
MDU6SXNzdWU1MDQ4ODYzMDg=,https://github.com/google/docsy/issues/139,2019-10-09T20:47:49Z,,2019-10-10T14:40:35Z,2019-10-10T17:11:42Z
MDU6SXNzdWU1MDQ5MDkzMzE=,https://github.com/google/docsy/issues/140,2019-10-09T21:37:04Z,,2019-11-10T14:24:25Z,2019-11-08T14:54:15Z
MDU6SXNzdWU1MTQ1OTAyMDk=,https://github.com/google/docsy/issues/144,2019-10-30T11:26:01Z,,2019-11-08T14:53:32Z,2023-06-02T17:32:20Z
MDU6SXNzdWU1MjI4NTk4NTg=,https://github.com/google/docsy/issues/146,2019-11-14T13:29:38Z,,2019-11-14T13:30:39Z,2019-11-14T13:30:39Z
MDU6SXNzdWU1MjUwNTU5NTY=,https://github.com/google/docsy/issues/151,2019-11-19T14:47:37Z,,2019-11-20T16:01:31Z,2019-11-21T11:06:53Z
MDU6SXNzdWU1MjgxMjg5MzY=,https://github.com/google/docsy/issues/153,2019-11-25T14:37:11Z,,2019-11-26T17:48:23Z,2019-11-29T15:44:18Z
MDU6SXNzdWU1Mjk1MzEwNzg=,https://github.com/google/docsy/issues/154,2019-11-27T19:18:10Z,,2019-11-27T19:27:52Z,2019-12-04T19:04:04Z
MDU6SXNzdWU1MzE2OTYyMjQ=,https://github.com/google/docsy/issues/156,2019-12-03T03:44:55Z,,2019-12-03T10:35:04Z,2019-12-09T13:57:55Z
MDU6SXNzdWU1MzIwOTEzMjM=,https://github.com/google/docsy/issues/157,2019-12-03T16:05:02Z,,2019-12-04T16:14:26Z,2020-01-09T16:28:16Z
MDU6SXNzdWU1MzQ2NDkzNzM=,https://github.com/google/docsy/issues/159,2019-12-09T02:11:19Z,,2019-12-09T02:16:19Z,2023-05-26T09:31:06Z
MDU6SXNzdWU1MzczNTQ1ODY=,https://github.com/google/docsy/issues/160,2019-12-13T05:21:55Z,,2019-12-16T12:09:09Z,2020-01-09T16:35:17Z
MDU6SXNzdWU1Mzg1MTg0MDk=,https://github.com/google/docsy/issues/162,2019-12-16T16:28:28Z,,2020-02-20T00:15:12Z,2020-02-26T22:36:29Z
MDU6SXNzdWU1NDMzMzMwMjQ=,https://github.com/google/docsy/issues/167,2019-12-29T07:42:21Z,,2020-01-06T14:02:45Z,2020-01-21T15:36:17Z
MDU6SXNzdWU1NDU0MDQ3MDE=,https://github.com/google/docsy/issues/168,2020-01-05T11:23:53Z,,2020-01-05T12:09:54Z,2020-01-05T12:10:03Z
MDU6SXNzdWU1NDYyMjE5ODM=,https://github.com/google/docsy/issues/169,2020-01-07T11:05:14Z,,2020-01-07T14:04:24Z,2020-01-13T16:55:17Z
MDU6SXNzdWU1NDkwNTg2NTc=,https://github.com/google/docsy/issues/172,2020-01-13T16:56:20Z,,2020-01-14T16:56:36Z,2023-05-26T09:25:47Z
MDU6SXNzdWU1NDk0NTA2NjU=,https://github.com/google/docsy/issues/173,2020-01-14T09:51:34Z,,2020-01-15T15:28:08Z,2020-02-17T13:45:41Z
MDU6SXNzdWU1NTA0MjkxMjA=,https://github.com/google/docsy/issues/174,2020-01-15T21:05:47Z,,2020-01-16T01:14:18Z,2020-01-20T16:49:49Z
MDU6SXNzdWU1NTEyMzQwMTg=,https://github.com/google/docsy/issues/175,2020-01-17T06:45Z,2022-11-01T23:04:07Z,2020-01-21T15:19:10Z,2023-07-27T20:28:01Z
MDU6SXNzdWU1NTEyNzQ3MjY=,https://github.com/google/docsy/issues/176,2020-01-17T08:29:07Z,,2020-01-21T15:28:26Z,2020-01-28T17:51:54Z
MDU6SXNzdWU1NTI3NjAxODQ=,https://github.com/google/docsy/issues/177,2020-01-21T09:46:15Z,,2020-01-21T15:18:02Z,2020-01-23T14:20:27Z
MDU6SXNzdWU1NTQ2OTQ4NTc=,https://github.com/google/docsy/issues/181,2020-01-24T11:55:15Z,,2020-01-24T13:55:03Z,2020-01-28T17:51:11Z
MDU6SXNzdWU1NTY4NzUzMDU=,https://github.com/google/docsy/issues/183,2020-01-29T13:51:08Z,,2020-01-29T14:45:14Z,2023-05-26T09:31:57Z
MDU6SXNzdWU1NTY4ODAxODI=,https://github.com/google/docsy/issues/184,2020-01-29T13:59:16Z,,2020-01-29T15:04:49Z,2020-02-05T17:24:43Z
MDU6SXNzdWU1NTc4OTgxMjY=,https://github.com/google/docsy/issues/187,2020-01-31T04:02Z,2023-01-11T15:36:56Z,2020-01-31T15:36:01Z,
MDU6SXNzdWU1NTg2MjAzNTY=,https://github.com/google/docsy/issues/190,2020-02-02T00:26:52Z,,2020-02-04T23:43:15Z,2020-02-05T00:31:21Z
MDU6SXNzdWU1NTg2MjA5NTM=,https://github.com/google/docsy/issues/191,2020-02-02T00:34:12Z,,2020-02-04T23:40:25Z,
MDU6SXNzdWU1NjExODIxMTc=,https://github.com/google/docsy/issues/193,2020-02-06T18:10:41Z,,2020-02-09T05:25:07Z,2020-02-13T00:51:42Z
MDU6SXNzdWU1NjIwMDg1MjA=,https://github.com/google/docsy/issues/194,2020-02-08T11:46:25Z,,2020-02-09T13:23:03Z,2020-02-12T18:53:18Z
MDU6SXNzdWU1NjIxNDk4MDU=,https://github.com/google/docsy/issues/196,2020-02-09T09:38:48Z,,2020-02-11T23:29:10Z,2020-02-13T18:58:07Z
MDU6SXNzdWU1NjIyMjA3NDM=,https://github.com/google/docsy/issues/197,2020-02-09T18:46:42Z,,2020-02-10T07:40:59Z,2020-02-11T09:00:58Z
MDU6SXNzdWU1NjMzMDIzMjI=,https://github.com/google/docsy/issues/198,2020-02-11T15:54:46Z,,2020-02-11T22:22:13Z,2020-02-17T12:26:27Z
MDU6SXNzdWU1NjM0MjYzNTE=,https://github.com/google/docsy/issues/199,2020-02-11T19:29:51Z,,2020-02-12T18:55:55Z,2020-02-12T19:08:06Z
MDU6SXNzdWU1NjQyNDY4MzY=,https://github.com/google/docsy/issues/201,2020-02-12T20:20:34Z,,2020-02-13T00:49:52Z,2020-02-18T17:05:53Z
MDU6SXNzdWU1NjU3NTEzMDg=,https://github.com/google/docsy/issues/203,2020-02-15T13:57:36Z,,2020-02-17T12:22:34Z,2020-02-18T17:06:34Z
MDU6SXNzdWU1NjU4NzcwNDQ=,https://github.com/google/docsy/issues/204,2020-02-16T09:34:52Z,,2020-02-17T12:24:44Z,2020-02-18T17:19:29Z
MDU6SXNzdWU1NjYxMjE2ODA=,https://github.com/google/docsy/issues/205,2020-02-17T08:04:44Z,,2020-02-17T12:12:10Z,2020-02-17T14:36:27Z
MDU6SXNzdWU1NjczNDk1NDc=,https://github.com/google/docsy/issues/207,2020-02-19T06:38:53Z,2020-02-24T20:48:30Z,2020-02-20T19:17:30Z,2020-02-25T10:23:47Z
MDU6SXNzdWU1NjczOTY2Njk=,https://github.com/google/docsy/issues/208,2020-02-19T08:25:46Z,2020-02-20T19:15:10Z,2020-02-24T23:34:58Z,
MDU6SXNzdWU1NjkwODg4ODc=,https://github.com/google/docsy/issues/210,2020-02-21T17:33:12Z,,2020-02-21T21:44:35Z,2020-02-25T17:08:48Z
MDU6SXNzdWU1NjkzOTA0ODc=,https://github.com/google/docsy/issues/211,2020-02-22T20:40:55Z,,2020-02-24T15:55:18Z,2020-07-01T15:57:07Z
MDU6SXNzdWU1Njk0Mjk0MTg=,https://github.com/google/docsy/issues/213,2020-02-23T03:15:24Z,,2020-02-26T17:10:24Z,2023-06-02T17:31:01Z
MDU6SXNzdWU1Njk1MzY2Mjg=,https://github.com/google/docsy/issues/214,2020-02-23T18:25:17Z,,2020-02-25T11:51:13Z,2020-07-22T15:15:08Z
MDU6SXNzdWU1NzAyMTgwNTc=,https://github.com/google/docsy/issues/215,2020-02-24T23:49:14Z,,2020-02-25T08:30:31Z,2020-02-28T15:00:44Z
MDU6SXNzdWU1NzAzMTkwMjI=,https://github.com/google/docsy/issues/216,2020-02-25T05:19:10Z,,2020-02-25T08:22:54Z,2020-02-27T08:10:48Z
MDU6SXNzdWU1NzA0NzAxNDU=,https://github.com/google/docsy/issues/217,2020-02-25T10:33:21Z,,2020-02-26T15:17:03Z,2020-03-11T10:14:48Z
MDU6SXNzdWU1NzE2NzgyMTg=,https://github.com/google/docsy/issues/218,2020-02-26T21:41:48Z,,2020-02-27T10:30:47Z,2023-06-12T18:54:19Z
MDU6SXNzdWU1NzI1MjAxNjA=,https://github.com/google/docsy/issues/220,2020-02-28T04:57:12Z,,2020-02-28T15:08:17Z,2020-02-28T16:40:12Z
MDU6SXNzdWU1NzI3OTA4MDc=,https://github.com/google/docsy/issues/221,2020-02-28T14:29:26Z,,2020-02-28T14:58:08Z,2020-02-28T14:58:08Z
MDU6SXNzdWU1NzU4NTkyNDQ=,https://github.com/google/docsy/issues/223,2020-03-04T23:03:11Z,,2020-03-10T11:38:15Z,2023-05-26T09:49:20Z
MDU6SXNzdWU1Nzc3OTkyMzc=,https://github.com/google/docsy/issues/226,2020-03-09T10:21:53Z,,2020-03-10T11:30:47Z,2020-04-09T10:45:27Z
MDU6SXNzdWU1Nzc5NzI5MTM=,https://github.com/google/docsy/issues/227,2020-03-09T15:01:45Z,,2020-03-10T11:27:16Z,2020-03-11T14:49:06Z
MDU6SXNzdWU1Nzg2NjY1NDQ=,https://github.com/google/docsy/issues/228,2020-03-10T15:30:13Z,,2020-03-11T13:30:39Z,2020-03-11T13:30:39Z
MDU6SXNzdWU1Nzg4MzExNjE=,https://github.com/google/docsy/issues/229,2020-03-10T20:08:05Z,,2020-03-16T19:31:37Z,2020-04-02T15:03:21Z
MDU6SXNzdWU1NzkxNDkwNDc=,https://github.com/google/docsy/issues/231,2020-03-11T10:14:14Z,,2020-03-16T15:56:02Z,2023-06-02T17:33:39Z
MDU6SXNzdWU1ODYzNTI3NDM=,https://github.com/google/docsy/issues/233,2020-03-23T16:46:51Z,,2020-03-25T01:38:44Z,2020-04-03T20:27:29Z
MDU6SXNzdWU1ODgyOTI5MjI=,https://github.com/google/docsy/issues/234,2020-03-26T09:56:52Z,,2020-04-06T11:20:54Z,2020-04-07T15:38:59Z
MDU6SXNzdWU1ODk0MTEwNzc=,https://github.com/google/docsy/issues/235,2020-03-27T21:01:36Z,,2020-03-28T19:51:45Z,2020-04-02T15:01:52Z
MDU6SXNzdWU1ODk1OTAyMTE=,https://github.com/google/docsy/issues/237,2020-03-28T14:44:16Z,,,2020-03-28T14:44:35Z
MDU6SXNzdWU1OTM0Njc4MDE=,https://github.com/google/docsy/issues/238,2020-04-03T15:35:49Z,,2020-04-03T15:55:42Z,2023-06-02T17:36:35Z
MDU6SXNzdWU1OTQyNzUyNzU=,https://github.com/google/docsy/issues/239,2020-04-05T05:47:26Z,,,2020-04-06T11:07:27Z
MDU6SXNzdWU1OTYxNzA4NTU=,https://github.com/google/docsy/issues/242,2020-04-07T21:45:36Z,,2020-04-07T21:55Z,2020-04-07T21:59:30Z
MDU6SXNzdWU1OTY4Nzk0NDk=,https://github.com/google/docsy/issues/243,2020-04-08T21:37:06Z,,2020-05-23T08:35:17Z,2023-05-26T09:45:05Z
MDU6SXNzdWU1OTgxNTgwMTk=,https://github.com/google/docsy/issues/246,2020-04-11T01:00:06Z,,2020-04-11T01:05:25Z,2020-04-11T01:05:25Z
MDU6SXNzdWU1OTg1NTgwNDc=,https://github.com/google/docsy/issues/248,2020-04-12T19:47:53Z,,2020-04-14T14:45:39Z,2023-06-02T17:35:48Z
MDU6SXNzdWU2MDAzMzM4NDE=,https://github.com/google/docsy/issues/250,2020-04-15T14:19:02Z,,2020-04-15T14:57:56Z,2020-04-15T17:19:21Z
MDU6SXNzdWU2MDA0NjM3MDU=,https://github.com/google/docsy/issues/251,2020-04-15T17:21:15Z,,2020-04-15T17:22:18Z,2020-04-24T14:31:18Z
MDU6SXNzdWU2MDE5Nzk4MDk=,https://github.com/google/docsy/issues/252,2020-04-17T13:33:29Z,,2020-04-18T16:36:47Z,2023-05-26T09:50:34Z
MDU6SXNzdWU2MDIyNDE4NDU=,https://github.com/google/docsy/issues/253,2020-04-17T21:24:37Z,,2020-04-20T16:58:46Z,2020-12-14T15:22:19Z
MDU6SXNzdWU2MDIzNjI0NjY=,https://github.com/google/docsy/issues/254,2020-04-18T02:52:33Z,,2020-04-18T16:03:19Z,2020-04-27T22:01:58Z
MDU6SXNzdWU2MDM2ODAyODU=,https://github.com/google/docsy/issues/256,2020-04-21T03:35:55Z,,,
MDU6SXNzdWU2MDM5ODY1Njk=,https://github.com/google/docsy/issues/257,2020-04-21T13:11:59Z,,2020-06-23T07:55:29Z,
MDU6SXNzdWU2MDU1MDUwMTY=,https://github.com/google/docsy/issues/258,2020-04-23T12:48:40Z,,2020-04-23T13:49:10Z,2020-04-27T11:25:52Z
MDU6SXNzdWU2MDY3NDkyMzM=,https://github.com/google/docsy/issues/261,2020-04-25T11:25:46Z,2023-05-26T09:44:21Z,2020-04-27T11:24:46Z,
MDU6SXNzdWU2MDc2ODAyNDg=,https://github.com/google/docsy/issues/263,2020-04-27T16:22:56Z,,2020-04-28T10:12:25Z,2022-11-01T23:04:23Z
MDU6SXNzdWU2MDc5MDc3MjA=,https://github.com/google/docsy/issues/264,2020-04-27T22:59:25Z,2023-06-02T17:41:51Z,2020-04-28T15:51:03Z,
MDU6SXNzdWU2MDgzMTgyMzc=,https://github.com/google/docsy/issues/265,2020-04-28T13:27:01Z,,2020-04-28T16:31:38Z,2020-04-28T16:31:38Z
MDU6SXNzdWU2MDg1MzM3NzY=,https://github.com/google/docsy/issues/266,2020-04-28T18:44:36Z,,2020-04-29T07:50:35Z,2020-04-29T23:36Z
MDU6SXNzdWU2MTExMzA2NjA=,https://github.com/google/docsy/issues/267,2020-05-02T07:59:15Z,,2020-05-11T16:29:10Z,2023-05-26T09:43:04Z
MDU6SXNzdWU2MTMwNTE0MTE=,https://github.com/google/docsy/issues/270,2020-05-06T05:01:11Z,,2020-05-06T12:38:47Z,2020-05-06T12:38:47Z
MDU6SXNzdWU2MTMzNTM3MDU=,https://github.com/google/docsy/issues/271,2020-05-06T14:13:53Z,,2020-05-11T14:47:05Z,2023-08-04T21:57:54Z
MDU6SXNzdWU2MTQ4NTgyNDk=,https://github.com/google/docsy/issues/272,2020-05-08T16:49:28Z,,2020-05-12T11:12:18Z,
MDU6SXNzdWU2MTU0NDE3MjU=,https://github.com/google/docsy/issues/273,2020-05-10T17:50:30Z,,2020-05-12T10:40:47Z,2023-06-01T17:46:38Z
MDU6SXNzdWU2MjUwOTM4NDg=,https://github.com/google/docsy/issues/278,2020-05-26T18:27:04Z,,2020-06-23T16:56:41Z,2020-11-02T11:26:58Z
MDU6SXNzdWU2Mjk1OTEzNjg=,https://github.com/google/docsy/issues/279,2020-06-02T23:56:18Z,,2020-06-23T16:58:27Z,2022-08-18T08:35:55Z
MDU6SXNzdWU2Mjk3ODAxODE=,https://github.com/google/docsy/issues/280,2020-06-03T07:57:25Z,,2020-07-13T13:17:44Z,
MDU6SXNzdWU2MzE0MzgyOTY=,https://github.com/google/docsy/issues/281,2020-06-05T09:09:20Z,,2020-06-05T09:12:59Z,2020-06-07T05:39:48Z
MDU6SXNzdWU2MzUzNTU1NTM=,https://github.com/google/docsy/issues/282,2020-06-09T11:41:02Z,,2023-06-02T17:45:44Z,2023-06-02T17:45:44Z
MDU6SXNzdWU2MzY4OTE4Njg=,https://github.com/google/docsy/issues/283,2020-06-11T10:10:10Z,2022-01-18T20:49:40Z,2020-06-12T11:21:25Z,2022-03-08T19:01:09Z
MDU6SXNzdWU2MzczNzIwODA=,https://github.com/google/docsy/issues/285,2020-06-11T23:03:58Z,2022-01-18T16:51:54Z,2020-06-12T11:20:22Z,
MDU6SXNzdWU2MzgwNDA1OTU=,https://github.com/google/docsy/issues/286,2020-06-12T22:57:17Z,,,
MDU6SXNzdWU2MzgyOTQyNDk=,https://github.com/google/docsy/issues/287,2020-06-14T06:31:08Z,,2020-06-15T12:00:12Z,2020-06-19T16:06:36Z
MDU6SXNzdWU2Mzk0Mjg3NjE=,https://github.com/google/docsy/issues/288,2020-06-16T07:14:28Z,,2020-06-23T16:40:35Z,2023-06-02T17:53:43Z
MDU6SXNzdWU2Mzk2MDA5MTQ=,https://github.com/google/docsy/issues/290,2020-06-16T11:48:51Z,2023-08-04T21:59:15Z,2020-06-16T12:00:17Z,
MDU6SXNzdWU2NDEyNjMxMTA=,https://github.com/google/docsy/issues/291,2020-06-18T14:39:44Z,,2020-06-19T07:48Z,2023-05-26T09:33:02Z
MDU6SXNzdWU2NDE3NzQxMTA=,https://github.com/google/docsy/issues/292,2020-06-19T07:40:24Z,,2020-06-19T15:55:12Z,2020-09-10T14:23:45Z
MDU6SXNzdWU2NDM3ODAxMzM=,https://github.com/google/docsy/issues/296,2020-06-23T11:59:40Z,,2020-07-02T16:47:33Z,2020-07-03T14:52:58Z
MDU6SXNzdWU2NDYzMjExMDE=,https://github.com/google/docsy/issues/298,2020-06-26T14:58:09Z,,2020-06-27T21:53:47Z,2020-08-19T16:25:33Z
MDU6SXNzdWU2NDY3MzA4Nzk=,https://github.com/google/docsy/issues/299,2020-06-27T18:21:34Z,,,2020-06-29T14:22:57Z
MDU6SXNzdWU2NDcwNjkyNzY=,https://github.com/google/docsy/issues/301,2020-06-29T02:39:41Z,2023-08-04T21:51:27Z,2020-06-29T14:41:39Z,
MDU6SXNzdWU2NTExNjUzNzM=,https://github.com/google/docsy/issues/304,2020-07-05T23:19:12Z,,2020-07-10T13:50:48Z,2020-08-08T19:44:43Z
MDU6SXNzdWU2NTMzMjAwODM=,https://github.com/google/docsy/issues/305,2020-07-08T13:56:49Z,,2020-07-22T14:07:15Z,2020-07-22T14:38:32Z
MDU6SXNzdWU2NTQ3OTkxNTc=,https://github.com/google/docsy/issues/306,2020-07-10T13:53:07Z,,2020-07-10T14:11:12Z,2020-07-13T18:37:03Z
MDU6SXNzdWU2NTU2NDExNTY=,https://github.com/google/docsy/issues/307,2020-07-13T08:19:06Z,,,2020-07-20T10:44:56Z
MDU6SXNzdWU2NTg5OTY0MjI=,https://github.com/google/docsy/issues/308,2020-07-17T08:09:45Z,,2020-07-20T10:33:32Z,2020-07-21T00:33:17Z
MDU6SXNzdWU2NjE5Nzk0MzI=,https://github.com/google/docsy/issues/311,2020-07-20T15:53:18Z,,2020-07-29T16:32:44Z,
MDU6SXNzdWU2Njg3NDE3NDQ=,https://github.com/google/docsy/issues/315,2020-07-30T13:44:25Z,,2020-07-31T06:07:31Z,2020-07-31T06:07:31Z
MDU6SXNzdWU2Njg5NTk1OTU=,https://github.com/google/docsy/issues/317,2020-07-30T16:47:23Z,,2020-07-30T16:56:06Z,2020-08-01T14:38:31Z
MDU6SXNzdWU2NzAxNDcxMDg=,https://github.com/google/docsy/issues/320,2020-07-31T19:36:23Z,,,2020-08-27T18:47:23Z
MDU6SXNzdWU2NzY3NTYzNTY=,https://github.com/google/docsy/issues/323,2020-08-11T10:18:06Z,,2020-08-13T10:58:17Z,
MDU6SXNzdWU2NzkxNzUzMTQ=,https://github.com/google/docsy/issues/326,2020-08-14T13:57:42Z,,2020-08-24T14:38:01Z,2022-08-11T12:02:12Z
MDU6SXNzdWU2ODExNzgxNTc=,https://github.com/google/docsy/issues/327,2020-08-18T16:33:08Z,,,2020-08-19T15:40:53Z
MDU6SXNzdWU2ODU0Mjk4NzY=,https://github.com/google/docsy/issues/331,2020-08-25T12:04:47Z,2023-06-12T19:10:35Z,2021-02-15T15:52:06Z,
MDU6SXNzdWU2OTEzOTg5NjQ=,https://github.com/google/docsy/issues/332,2020-09-02T20:30:54Z,,2020-09-02T20:40:12Z,2023-05-31T14:22:44Z
MDU6SXNzdWU2OTg0MzEzMzc=,https://github.com/google/docsy/issues/336,2020-09-10T20:01:01Z,,2020-09-11T16:09:08Z,2020-09-11T16:53:37Z
MDU6SXNzdWU3MDI4NDY2MDA=,https://github.com/google/docsy/issues/337,2020-09-16T15:07:28Z,,2020-09-16T19:03:31Z,2022-08-18T08:32:21Z
MDU6SXNzdWU3MDYyNjYyMDE=,https://github.com/google/docsy/issues/341,2020-09-22T10:39:34Z,,2020-09-23T01:18:01Z,2020-09-23T01:18:01Z
MDU6SXNzdWU3MDk4NTc4NDE=,https://github.com/google/docsy/issues/342,2020-09-28T00:58:24Z,2022-02-22T08:16:46Z,2020-09-28T02:17:57Z,2022-02-24T08:03:56Z
MDU6SXNzdWU3MTAwNjUwMDI=,https://github.com/google/docsy/issues/343,2020-09-28T08:37:51Z,,,2020-10-01T14:41:01Z
MDU6SXNzdWU3MTMzMzYzMDk=,https://github.com/google/docsy/issues/348,2020-10-02T04:25:55Z,,2020-10-02T12:30:46Z,
MDU6SXNzdWU3MTM1OTgwMDA=,https://github.com/google/docsy/issues/349,2020-10-02T12:52:18Z,,2020-10-02T13:35:54Z,
MDU6SXNzdWU3MTM5NzMwMzM=,https://github.com/google/docsy/issues/350,2020-10-03T01:06:03Z,2023-08-04T21:50:16Z,2020-10-06T11:16:19Z,
MDU6SXNzdWU3MTQzNDkwNTI=,https://github.com/google/docsy/issues/351,2020-10-04T16:21:48Z,,2020-10-04T16:51:55Z,2020-10-04T22:41:29Z
MDU6SXNzdWU3MTk2MTc0MjU=,https://github.com/google/docsy/issues/355,2020-10-12T19:42:59Z,2023-08-04T21:49:22Z,2020-10-13T06:35:48Z,
MDU6SXNzdWU3MjEwNDA0ODI=,https://github.com/google/docsy/issues/357,2020-10-14T00:31:35Z,,2020-11-02T10:02:26Z,2020-11-02T10:02:27Z
MDU6SXNzdWU3MjEyMjA0OTI=,https://github.com/google/docsy/issues/358,2020-10-14T07:36:49Z,,2020-10-14T11:27:20Z,2020-11-02T10:01:36Z
MDU6SXNzdWU3MjcyNzE5Mzc=,https://github.com/google/docsy/issues/360,2020-10-22T10:44:39Z,,2020-10-23T16:01:11Z,2020-10-27T17:46:30Z
MDU6SXNzdWU3Mjk5MDU5Mjc=,https://github.com/google/docsy/issues/364,2020-10-26T21:04:04Z,2023-08-04T21:48:57Z,,
MDU6SXNzdWU3NDIxNDkxNDQ=,https://github.com/google/docsy/issues/369,2020-11-13T05:13:34Z,,2020-11-19T09:57:59Z,2020-11-24T12:43:29Z
MDU6SXNzdWU3NDI4MDQzMTA=,https://github.com/google/docsy/issues/370,2020-11-13T21:38:53Z,,2020-11-19T09:54:49Z,2020-11-19T09:54:49Z
MDU6SXNzdWU3NDcwNjY4MjY=,https://github.com/google/docsy/issues/375,2020-11-20T01:34:33Z,2023-08-04T21:48:34Z,2021-03-08T00:07:53Z,
MDU6SXNzdWU3NDg5MTcxMDA=,https://github.com/google/docsy/issues/376,2020-11-23T15:52:40Z,,2020-11-24T12:59:49Z,
MDU6SXNzdWU3NTE5NTY2NDM=,https://github.com/google/docsy/issues/380,2020-11-27T03:32:31Z,,2020-11-27T04:11:18Z,2020-11-27T04:11:28Z
MDU6SXNzdWU3NTMwMzA0MTI=,https://github.com/google/docsy/issues/381,2020-11-29T22:18:09Z,,2020-11-30T22:51:10Z,
MDU6SXNzdWU3NTQ2NjU4ODA=,https://github.com/google/docsy/issues/384,2020-12-01T19:34:06Z,,2020-12-07T17:07:11Z,2020-12-11T17:12:52Z
MDU6SXNzdWU3NTU3NDMwNzU=,https://github.com/google/docsy/issues/385,2020-12-03T01:44:20Z,,,2023-07-31T08:05:39Z
MDU6SXNzdWU3NjAxOTI0Mjc=,https://github.com/google/docsy/issues/389,2020-12-09T10:12:10Z,,2020-12-10T16:49:13Z,2020-12-17T17:46:24Z
MDU6SXNzdWU3NjMxMjQ4NTA=,https://github.com/google/docsy/issues/391,2020-12-12T00:56:48Z,2023-06-12T19:08:48Z,2021-01-02T19:29:26Z,2023-06-12T19:10:17Z
MDU6SXNzdWU3NjMzNDExMzE=,https://github.com/google/docsy/issues/393,2020-12-12T05:56:53Z,,2020-12-13T16:57:16Z,2023-08-04T21:45:25Z
MDU6SXNzdWU3NjcxNTk3Mjk=,https://github.com/google/docsy/issues/396,2020-12-15T04:22:01Z,,2020-12-15T10:05:12Z,2020-12-17T17:44:03Z
MDU6SXNzdWU3NzYyNTQ4MTU=,https://github.com/google/docsy/issues/402,2020-12-30T04:56:17Z,,2020-12-30T16:39:46Z,
MDU6SXNzdWU3NzY3NTM0MDk=,https://github.com/google/docsy/issues/403,2020-12-31T03:55:45Z,,2020-12-31T04:04:25Z,2020-12-31T14:56:04Z
MDU6SXNzdWU3NzY5NTI5Nzg=,https://github.com/google/docsy/issues/404,2020-12-31T12:50:20Z,,2020-12-31T14:47:41Z,2022-08-15T15:45Z
MDU6SXNzdWU3ODM0MjczMDg=,https://github.com/google/docsy/issues/409,2021-01-11T14:42:54Z,,2021-01-11T20:19:32Z,2021-01-14T14:34:22Z
MDU6SXNzdWU3ODQxOTg0NzE=,https://github.com/google/docsy/issues/411,2021-01-12T12:37:39Z,,,2023-08-04T21:27:30Z
MDU6SXNzdWU3ODU1MzczNDc=,https://github.com/google/docsy/issues/414,2021-01-13T23:43:47Z,,2021-01-14T11:41:04Z,2021-03-05T17:10Z
MDU6SXNzdWU3ODU2MDc3NTc=,https://github.com/google/docsy/issues/415,2021-01-14T02:53:44Z,,2021-01-14T15:45:14Z,
MDU6SXNzdWU3ODc2NzE5ODI=,https://github.com/google/docsy/issues/416,2021-01-17T10:03:15Z,,2021-01-21T12:42:07Z,2021-01-21T13:05:09Z
MDU6SXNzdWU3ODg3NjY0NjQ=,https://github.com/google/docsy/issues/419,2021-01-19T07:05:48Z,,,2023-07-31T08:06:24Z
MDU6SXNzdWU3ODkxNzM3MzQ=,https://github.com/google/docsy/issues/420,2021-01-19T16:33:21Z,,,2021-01-21T14:35:46Z
MDU6SXNzdWU3ODk3NTE4OTg=,https://github.com/google/docsy/issues/421,2021-01-20T08:23:21Z,,2021-01-20T14:53:45Z,
MDU6SXNzdWU3ODk4NTY1ODM=,https://github.com/google/docsy/issues/422,2021-01-20T10:37:48Z,,,
MDU6SXNzdWU3ODk5NjgxMjA=,https://github.com/google/docsy/issues/423,2021-01-20T13:13:40Z,,2021-01-20T18:07:16Z,
MDU6SXNzdWU3OTExODQ3NTI=,https://github.com/google/docsy/issues/426,2021-01-21T14:57:44Z,,2021-01-21T15:13:46Z,2021-01-21T15:23:33Z
MDU6SXNzdWU3OTIwMjYyMDk=,https://github.com/google/docsy/issues/427,2021-01-22T13:58:44Z,,2021-01-22T16:14:58Z,2021-01-22T16:15:03Z
MDU6SXNzdWU3OTI4NDcxNjU=,https://github.com/google/docsy/issues/428,2021-01-24T17:17:40Z,,2021-01-24T17:35:45Z,2023-08-04T22:50:43Z
MDU6SXNzdWU3OTM3MjUzNTY=,https://github.com/google/docsy/issues/429,2021-01-25T21:06Z,,2021-01-25T22:03:33Z,2021-04-19T14:40:13Z
MDU6SXNzdWU3OTQwMjUxNTg=,https://github.com/google/docsy/issues/430,2021-01-26T08:11:07Z,,2021-01-28T13:48:23Z,2021-01-29T00:44:44Z
MDU6SXNzdWU3OTQxNTkwMTk=,https://github.com/google/docsy/issues/431,2021-01-26T11:32:58Z,,,2021-01-27T12:37:16Z
MDU6SXNzdWU3OTY1MDc2NzE=,https://github.com/google/docsy/issues/436,2021-01-29T01:44:40Z,,2021-01-29T12:04:07Z,
MDU6SXNzdWU3OTY3MTk5MDI=,https://github.com/google/docsy/issues/437,2021-01-29T09:24:05Z,,2021-01-29T11:35:47Z,2021-02-02T07:32:42Z
MDU6SXNzdWU3OTg2OTczNDg=,https://github.com/google/docsy/issues/439,2021-02-01T20:50:23Z,,2021-02-02T13:30:32Z,2022-04-04T11:49:03Z
MDU6SXNzdWU3OTkxMjM3ODA=,https://github.com/google/docsy/issues/440,2021-02-02T09:57:40Z,,2021-02-02T10:11:35Z,2021-02-04T06:58:01Z
MDU6SXNzdWU4MDAwMTU3ODc=,https://github.com/google/docsy/issues/443,2021-02-03T06:22:43Z,,2021-02-03T09:44:35Z,2023-08-04T22:05:42Z
MDU6SXNzdWU4MDAyNDQ1MDU=,https://github.com/google/docsy/issues/444,2021-02-03T11:35:39Z,,2021-02-03T16:19:02Z,2023-06-21T14:58:50Z
MDU6SXNzdWU4MDQ5Mzk5MTk=,https://github.com/google/docsy/issues/445,2021-02-09T21:30:57Z,,2021-02-12T17:30:40Z,
MDU6SXNzdWU4MDYxNTA4NDA=,https://github.com/google/docsy/issues/446,2021-02-11T07:36:51Z,,2021-02-12T17:27:35Z,
MDU6SXNzdWU4MDYyNDM1NzE=,https://github.com/google/docsy/issues/447,2021-02-11T10:07:22Z,,2021-02-15T15:32:58Z,2021-02-24T17:38:07Z
MDU6SXNzdWU4MDgxNDg5ODU=,https://github.com/google/docsy/issues/448,2021-02-15T04:13:04Z,,2021-02-15T17:49:42Z,2021-06-17T04:10:43Z
MDU6SXNzdWU4MDgyNzg1OTk=,https://github.com/google/docsy/issues/449,2021-02-15T07:48:20Z,,2021-02-15T15:59:09Z,
MDU6SXNzdWU4MDkzMzkwMTQ=,https://github.com/google/docsy/issues/450,2021-02-16T14:02:50Z,,2021-02-16T15:27:58Z,2021-03-11T07:37:35Z
MDU6SXNzdWU4MDk2Mzg0ODM=,https://github.com/google/docsy/issues/451,2021-02-16T20:51:42Z,,2021-02-17T03:47:33Z,2021-02-17T05:49:11Z
MDU6SXNzdWU4MTA5MzI4ODI=,https://github.com/google/docsy/issues/452,2021-02-18T09:44:45Z,,2021-02-18T11:51:24Z,
MDU6SXNzdWU4MTE3MDI5MzA=,https://github.com/google/docsy/issues/453,2021-02-19T05:23:54Z,,2021-02-19T11:57:03Z,2021-02-22T02:14:09Z
MDU6SXNzdWU4MTIwMTUzMjk=,https://github.com/google/docsy/issues/454,2021-02-19T13:16:51Z,,2021-02-19T20:27:40Z,2021-02-19T20:32:11Z
MDU6SXNzdWU4MTI1NTU4OTM=,https://github.com/google/docsy/issues/455,2021-02-20T08:50:27Z,,2021-02-20T21:58:26Z,2021-02-22T02:13:48Z
MDU6SXNzdWU4MTQwMzA3MDA=,https://github.com/google/docsy/issues/456,2021-02-23T02:13:30Z,,2021-02-23T10:46:44Z,2023-08-04T22:05:05Z
MDU6SXNzdWU4MTQ0MTg4NDY=,https://github.com/google/docsy/issues/457,2021-02-23T12:28:27Z,,2021-02-23T12:58:35Z,2021-04-16T09:35:29Z
MDU6SXNzdWU4MTQ1OTEyMzk=,https://github.com/google/docsy/issues/458,2021-02-23T15:51:30Z,,2021-02-24T17:06:47Z,2021-03-15T15:53:20Z
MDU6SXNzdWU4MTQ3OTk1OTc=,https://github.com/google/docsy/issues/460,2021-02-23T20:19:47Z,,2021-02-24T17:03:31Z,2021-02-26T11:00:14Z
MDU6SXNzdWU4MTYxNDU3Mjg=,https://github.com/google/docsy/issues/464,2021-02-25T06:54:47Z,,2021-02-26T10:57:55Z,2021-03-05T22:15:34Z
MDU6SXNzdWU4MTcwMjY0OTU=,https://github.com/google/docsy/issues/466,2021-02-26T04:20:22Z,,2021-03-05T16:43:51Z,2021-03-15T15:28:47Z
MDU6SXNzdWU4MTk5MjAzNDQ=,https://github.com/google/docsy/issues/470,2021-03-02T11:19:24Z,2022-01-18T02:17:02Z,2021-03-17T23:28:45Z,2023-06-08T17:00:28Z
MDU6SXNzdWU4MjAxNjUwNjk=,https://github.com/google/docsy/issues/471,2021-03-02T16:12:28Z,,2021-03-03T09:30:06Z,
MDU6SXNzdWU4MjU3MDAwOTE=,https://github.com/google/docsy/issues/474,2021-03-09T10:36:24Z,,2021-03-10T11:55:21Z,2023-05-04T15:17:21Z
MDU6SXNzdWU4MzEwODU0Mjc=,https://github.com/google/docsy/issues/476,2021-03-14T07:09:44Z,,2021-03-14T09:42:11Z,2021-03-14T12:51Z
MDU6SXNzdWU4MzE1MDA5NDc=,https://github.com/google/docsy/issues/479,2021-03-15T07:15:51Z,,2021-03-15T11:40:40Z,2021-03-15T15:25:29Z
MDU6SXNzdWU4Mzc0NzM3NjQ=,https://github.com/google/docsy/issues/486,2021-03-22T08:45:38Z,,2021-03-22T11:19:49Z,2021-04-01T14:32:16Z
MDU6SXNzdWU4Mzc1MTA3Njc=,https://github.com/google/docsy/issues/487,2021-03-22T09:24:10Z,2023-01-11T15:36:57Z,2021-03-22T11:44:12Z,2021-03-24T06:06:48Z
MDU6SXNzdWU4NDA2MzYxOTQ=,https://github.com/google/docsy/issues/490,2021-03-25T07:15:15Z,,2021-03-25T07:17:20Z,2021-04-01T05:40:19Z
MDU6SXNzdWU4NDM3NDY4ODE=,https://github.com/google/docsy/issues/494,2021-03-29T19:53:33Z,,2021-03-31T11:33:27Z,2021-03-31T11:33:29Z
MDU6SXNzdWU4NDg4NDc2NzU=,https://github.com/google/docsy/issues/498,2021-04-01T23:17:07Z,,2021-04-02T10:35:22Z,2021-04-07T15:39:02Z
MDU6SXNzdWU4NTIwOTk3MTg=,https://github.com/google/docsy/issues/503,2021-04-07T07:24:49Z,,2021-04-07T11:41:09Z,
MDU6SXNzdWU4NTQ5NDIwMTI=,https://github.com/google/docsy/issues/510,2021-04-10T01:01:42Z,,,2021-04-12T14:07:10Z
MDU6SXNzdWU4NTUyMDkzNTI=,https://github.com/google/docsy/issues/512,2021-04-11T03:33:57Z,,2021-04-11T15:06:11Z,2021-04-11T15:06Z
MDU6SXNzdWU4NTU2NjU2MTE=,https://github.com/google/docsy/issues/515,2021-04-12T07:47:19Z,,2021-04-12T17:33:13Z,2021-04-12T17:33:13Z
MDU6SXNzdWU4NTg4Nzc4MzA=,https://github.com/google/docsy/issues/519,2021-04-15T13:24:04Z,,2021-04-16T02:54:39Z,2021-04-16T02:54:39Z
MDU6SXNzdWU4NjAxMjI3MDg=,https://github.com/google/docsy/issues/521,2021-04-16T19:57:29Z,,2021-04-16T20:52:16Z,2021-04-19T14:54:54Z
MDU6SXNzdWU4NjEzNDI5MTU=,https://github.com/google/docsy/issues/523,2021-04-19T14:00:49Z,,2021-04-19T14:34:36Z,2021-04-19T14:55:16Z
MDU6SXNzdWU4NjEzODQ1NDE=,https://github.com/google/docsy/issues/524,2021-04-19T14:42:54Z,,2021-04-19T14:52:15Z,2021-04-19T14:54:30Z
MDU6SXNzdWU4NjMyMDA5NDg=,https://github.com/google/docsy/issues/527,2021-04-20T20:13:43Z,2022-02-24T08:29:45Z,,2022-02-24T13:10:23Z
MDU6SXNzdWU4NjQ3NjI2NTE=,https://github.com/google/docsy/issues/528,2021-04-22T09:54:19Z,,2021-04-22T10:39:28Z,2021-04-22T10:39:29Z
MDU6SXNzdWU4NjY1MzIwODQ=,https://github.com/google/docsy/issues/530,2021-04-24T02:59:18Z,,2021-04-25T20:34:16Z,2023-05-04T15:18:50Z
MDU6SXNzdWU4NjcyMjYxMDU=,https://github.com/google/docsy/issues/531,2021-04-26T03:44:25Z,,2021-04-27T13:35:43Z,2021-05-26T10:13:37Z
MDU6SXNzdWU4NzA1MzE2OTk=,https://github.com/google/docsy/issues/538,2021-04-29T01:26:46Z,,2021-05-04T09:37:02Z,2021-05-04T09:37:05Z
MDU6SXNzdWU4NzQyNzA0ODA=,https://github.com/google/docsy/issues/541,2021-05-03T06:24:27Z,,2021-05-03T20:26:26Z,2021-05-21T09:57:54Z
MDU6SXNzdWU4NzUyNDIyMTU=,https://github.com/google/docsy/issues/542,2021-05-04T08:43:39Z,,2021-05-04T09:37:32Z,2021-05-04T09:40:50Z
MDU6SXNzdWU4NzY3MDY2Mjk=,https://github.com/google/docsy/issues/545,2021-05-05T18:03:22Z,2023-01-11T15:36:58Z,2021-05-12T09:43:19Z,2021-05-12T09:43:19Z
MDU6SXNzdWU4Nzg4NDE5NDk=,https://github.com/google/docsy/issues/547,2021-05-07T11:42:16Z,,2021-05-07T15:01:01Z,
MDU6SXNzdWU4ODA3MTQ0Nzk=,https://github.com/google/docsy/issues/548,2021-05-08T11:46:19Z,,,2021-05-10T16:28:53Z
MDU6SXNzdWU4ODQ0MzE1NjY=,https://github.com/google/docsy/issues/550,2021-05-10T15:08:37Z,,2021-05-10T15:08:58Z,2022-05-24T18:13:44Z
MDU6SXNzdWU4ODYyNjQxOTc=,https://github.com/google/docsy/issues/553,2021-05-11T06:59:52Z,2023-08-04T22:03:50Z,2021-05-11T08:39:07Z,
MDU6SXNzdWU4ODk4MDA3OTY=,https://github.com/google/docsy/issues/555,2021-05-12T08:09:06Z,,2021-05-18T15:17:51Z,2021-05-19T14:35:04Z
MDU6SXNzdWU4OTA2MzgzOTA=,https://github.com/google/docsy/issues/556,2021-05-13T02:18:52Z,,,2021-05-13T02:19:06Z
MDU6SXNzdWU4OTMyMjE2MzY=,https://github.com/google/docsy/issues/558,2021-05-17T11:12:05Z,,2021-05-18T14:33:17Z,2021-05-19T14:34:56Z
MDU6SXNzdWU4OTQ4ODI4MTc=,https://github.com/google/docsy/issues/562,2021-05-19T00:28Z,,2021-05-19T00:36:07Z,2021-05-19T14:34:44Z
MDU6SXNzdWU4OTg5NzgwMTk=,https://github.com/google/docsy/issues/564,2021-05-23T09:35:47Z,,2021-05-24T16:11:23Z,2023-06-12T19:04:50Z
MDU6SXNzdWU5MDE2MzgyMjI=,https://github.com/google/docsy/issues/570,2021-05-26T02:14:32Z,,,2021-05-26T02:15:46Z
MDU6SXNzdWU5MDE4MDU1NTI=,https://github.com/google/docsy/issues/571,2021-05-26T05:52:39Z,,2021-05-26T05:53:07Z,2021-06-07T14:09:20Z
MDU6SXNzdWU5MDIxNDk3MTk=,https://github.com/google/docsy/issues/572,2021-05-26T10:14:31Z,,2021-05-26T10:22:59Z,2021-12-08T18:13:57Z
MDU6SXNzdWU5MDIzNDk3NTI=,https://github.com/google/docsy/issues/573,2021-05-26T12:55:40Z,,2021-05-27T15:55:07Z,2021-09-20T11:18:49Z
MDU6SXNzdWU5MDM0NjY4Njc=,https://github.com/google/docsy/issues/576,2021-05-27T09:31:41Z,,2021-06-08T06:56:17Z,2023-08-04T21:59:55Z
MDU6SXNzdWU5MDY5NDUyNzE=,https://github.com/google/docsy/issues/577,2021-05-31T00:59:03Z,,2021-05-31T01:06:46Z,2021-05-31T01:06:32Z
MDU6SXNzdWU5MDc1MDEyNjQ=,https://github.com/google/docsy/issues/578,2021-05-31T14:04:01Z,,2021-06-08T06:15:20Z,2021-06-10T17:23:23Z
MDU6SXNzdWU5MDc3Nzc5OTA=,https://github.com/google/docsy/issues/579,2021-06-01T00:47:55Z,,2021-06-08T10:35:06Z,
MDU6SXNzdWU5MDc4OTA5Mjc=,https://github.com/google/docsy/issues/581,2021-06-01T05:26:27Z,,2021-06-01T05:29:34Z,
MDU6SXNzdWU5MTIyMzU3MDY=,https://github.com/google/docsy/issues/582,2021-06-05T12:15:47Z,,2021-06-05T19:33:15Z,2021-06-15T14:27:52Z
MDU6SXNzdWU5MTQ2MTI0OTQ=,https://github.com/google/docsy/issues/584,2021-06-08T08:50:04Z,,2021-06-08T10:38:19Z,2023-08-04T22:03:20Z
MDU6SXNzdWU5MTk5NTE1NDM=,https://github.com/google/docsy/issues/589,2021-06-14T02:43Z,,2021-06-14T05:13:53Z,2021-06-14T14:46:42Z
MDU6SXNzdWU5MTk5NTc3NzU=,https://github.com/google/docsy/issues/590,2021-06-14T03:04:12Z,,2021-06-14T03:04:44Z,2021-06-15T11:13:03Z
MDU6SXNzdWU5MjIxNTAzODI=,https://github.com/google/docsy/issues/597,2021-06-16T06:25:37Z,,2021-06-16T14:40:16Z,2021-06-17T04:11:21Z
MDU6SXNzdWU5MjIxNTc3MTU=,https://github.com/google/docsy/issues/598,2021-06-16T06:35:32Z,,2021-06-16T09:07:35Z,
MDU6SXNzdWU5MjQ0MjY4NTE=,https://github.com/google/docsy/issues/604,2021-06-18T00:03:09Z,,2021-06-18T09:13:55Z,
MDU6SXNzdWU5MjUyMjQzMjM=,https://github.com/google/docsy/issues/605,2021-06-18T21:40:22Z,2022-08-18T09:04:40Z,2021-06-23T12:43:21Z,
MDU6SXNzdWU5MjUzMzI3MDQ=,https://github.com/google/docsy/issues/607,2021-06-19T06:58:56Z,,2021-06-19T06:59:55Z,2021-06-23T12:39:19Z
MDU6SXNzdWU5MjYxMTgyNTM=,https://github.com/google/docsy/issues/609,2021-06-21T11:26:42Z,,2021-06-21T15:52Z,2021-06-23T12:38:31Z
MDU6SXNzdWU5MjYyNDc5NjY=,https://github.com/google/docsy/issues/610,2021-06-21T13:59:20Z,,2021-08-24T16:20:30Z,2021-08-24T16:20:30Z
MDU6SXNzdWU5MzA1ODU4NzY=,https://github.com/google/docsy/issues/611,2021-06-26T01:27:29Z,,2021-06-28T18:45:38Z,2021-08-20T14:51:55Z
MDU6SXNzdWU5MzQ4ODcyNzc=,https://github.com/google/docsy/issues/615,2021-07-01T14:07:32Z,,,2021-07-02T11:00:14Z
MDU6SXNzdWU5MzU1NDQ3NTI=,https://github.com/google/docsy/issues/616,2021-07-02T08:30:32Z,,2021-07-02T10:59:49Z,2021-07-27T14:22:08Z
MDU6SXNzdWU5MzY2NDMxODY=,https://github.com/google/docsy/issues/617,2021-07-05T03:21:38Z,,2021-07-05T05:26:19Z,2021-07-06T11:51:58Z
MDU6SXNzdWU5Mzg2NTE4NDU=,https://github.com/google/docsy/issues/620,2021-07-07T08:51:39Z,,2023-08-04T22:02:15Z,2023-08-04T22:02:16Z
MDU6SXNzdWU5Mzg3NzQwNzE=,https://github.com/google/docsy/issues/621,2021-07-07T11:08:27Z,,2021-07-07T12:57:03Z,2023-08-04T22:01:10Z
MDU6SXNzdWU5Mzk1ODA2NjQ=,https://github.com/google/docsy/issues/622,2021-07-08T07:55:52Z,,2021-07-13T18:15:29Z,2021-07-14T10:29:25Z
MDU6SXNzdWU5Mzk5MzQ2Mjk=,https://github.com/google/docsy/issues/625,2021-07-08T14:43:08Z,,2021-07-11T17:40:23Z,2021-07-13T14:06:29Z
MDU6SXNzdWU5NDAwODg0MDY=,https://github.com/google/docsy/issues/626,2021-07-08T17:48:30Z,,2021-07-09T12:29:55Z,2023-05-04T15:19:48Z
MDU6SXNzdWU5NDA0NzU1MzU=,https://github.com/google/docsy/issues/627,2021-07-09T06:54:31Z,,2021-07-12T19:34:22Z,2021-07-13T11:51:21Z
MDU6SXNzdWU5NDEyMTQyNzI=,https://github.com/google/docsy/issues/629,2021-07-10T09:37:53Z,,2021-07-11T11:01:10Z,2021-07-11T12:09:22Z
MDU6SXNzdWU5NDQyNTE2NDI=,https://github.com/google/docsy/issues/632,2021-07-14T09:54:33Z,,2021-07-14T12:30:44Z,2021-07-14T12:30:44Z
MDU6SXNzdWU5NDQzOTEyNzU=,https://github.com/google/docsy/issues/633,2021-07-14T12:45:21Z,,2021-07-14T14:53:59Z,2021-07-16T14:40:25Z
MDU6SXNzdWU5NDcxMDM0Nzg=,https://github.com/google/docsy/issues/637,2021-07-18T19:34:35Z,,2021-07-20T16:13:44Z,2021-07-28T19:43:16Z
MDU6SXNzdWU5NTExNzEwODg=,https://github.com/google/docsy/issues/641,2021-07-23T01:10:35Z,,2021-07-23T05:03:28Z,2021-07-23T06:45:09Z
MDU6SXNzdWU5NTY5NDkxNTE=,https://github.com/google/docsy/issues/645,2021-07-30T17:44:01Z,,2021-08-03T19:01:51Z,2021-08-05T13:45:17Z
MDU6SXNzdWU5NTgzOTMxNTc=,https://github.com/google/docsy/issues/647,2021-08-02T18:15:12Z,,,2021-08-16T17:16:48Z
MDU6SXNzdWU5NTg0OTEzODM=,https://github.com/google/docsy/issues/649,2021-08-02T20:41:40Z,,,2021-08-03T20:52:17Z
MDU6SXNzdWU5NjQxMzgyNzM=,https://github.com/google/docsy/issues/652,2021-08-09T15:55:05Z,,2021-08-16T16:34:11Z,2021-08-20T14:36:56Z
MDU6SXNzdWU5NjQzNTQyNTA=,https://github.com/google/docsy/issues/654,2021-08-09T20:40:58Z,,2021-08-10T17:19:03Z,2021-08-18T13:52:02Z
MDU6SXNzdWU5NjQ4ODQxOTg=,https://github.com/google/docsy/issues/656,2021-08-10T11:33:57Z,,2021-08-10T11:37:44Z,2021-08-24T15:48Z
MDU6SXNzdWU5NjU3MDQwMzg=,https://github.com/google/docsy/issues/658,2021-08-11T01:59:38Z,,2021-08-16T16:15:02Z,2021-08-16T16:15:02Z
MDU6SXNzdWU5NjU3Nzc5NjM=,https://github.com/google/docsy/issues/659,2021-08-11T03:00:54Z,,2021-08-11T03:09:38Z,2021-08-11T03:09:38Z
MDU6SXNzdWU5NzAyOTU1MzM=,https://github.com/google/docsy/issues/660,2021-08-13T11:01:20Z,,2021-08-13T11:03:03Z,
MDU6SXNzdWU5NzA0MDIyOTQ=,https://github.com/google/docsy/issues/661,2021-08-13T13:29:37Z,,2021-08-13T22:14:32Z,
MDU6SXNzdWU5NzU5MjkyMDg=,https://github.com/google/docsy/issues/664,2021-08-20T21:21:46Z,,2021-08-23T09:00:25Z,
MDU6SXNzdWU5NzcxNzc2NTI=,https://github.com/google/docsy/issues/665,2021-08-23T15:50:40Z,,2023-01-23T18:44:54Z,
MDU6SXNzdWU5NzgzMzEwNTA=,https://github.com/google/docsy/issues/668,2021-08-24T17:34:43Z,,2021-08-24T17:38:38Z,2023-08-04T12:52:49Z
MDU6SXNzdWU5Nzg1Mjk1ODY=,https://github.com/google/docsy/issues/670,2021-08-24T22:19:19Z,,2021-08-30T15:07:24Z,
MDU6SXNzdWU5Nzk3MzAwNzg=,https://github.com/google/docsy/issues/671,2021-08-26T01:02:40Z,,2021-08-26T10:56:05Z,2021-08-30T15:29:14Z
MDU6SXNzdWU5ODE5NTc4MjU=,https://github.com/google/docsy/issues/673,2021-08-29T00:19:03Z,,2021-08-29T22:31:01Z,2023-05-04T15:20:59Z
MDU6SXNzdWU5ODUxNDUxMDk=,https://github.com/google/docsy/issues/676,2021-09-01T13:19:12Z,,2021-09-02T15:06Z,2021-09-10T00:45:56Z
MDU6SXNzdWU5ODgxNTY3NDg=,https://github.com/google/docsy/issues/679,2021-09-03T23:31:24Z,,2021-09-04T17:20:07Z,
MDU6SXNzdWU5OTEzOTM1NzU=,https://github.com/google/docsy/issues/681,2021-09-08T18:02Z,,2021-09-09T15:38:34Z,2021-09-20T18:57:31Z
MDU6SXNzdWU5OTMyNDgxNzI=,https://github.com/google/docsy/issues/685,2021-09-10T13:41:38Z,,2021-09-10T17:01:51Z,2021-09-13T07:53:12Z
MDU6SXNzdWU5OTMyNDg1NjM=,https://github.com/google/docsy/issues/686,2021-09-10T13:42:06Z,,2021-09-10T16:15:39Z,2021-09-13T13:53:28Z
I_kwDOCSFa_M47Y1Mt,https://github.com/google/docsy/issues/688,2021-09-14T19:33:01Z,,2021-09-16T14:12:16Z,2021-11-14T15:07:38Z
I_kwDOCSFa_M47iMx4,https://github.com/google/docsy/issues/692,2021-09-17T01:23:10Z,,2021-09-17T17:24:09Z,2021-09-17T17:37:31Z
I_kwDOCSFa_M47m2Xz,https://github.com/google/docsy/issues/694,2021-09-18T13:50:43Z,,2021-10-06T08:19:12Z,
I_kwDOCSFa_M47m28D,https://github.com/google/docsy/issues/695,2021-09-18T14:01:14Z,,2021-09-20T08:56:05Z,2021-09-20T08:56:05Z
I_kwDOCSFa_M47xWbu,https://github.com/google/docsy/issues/701,2021-09-21T16:11:17Z,,2021-09-21T16:49:09Z,2021-09-22T06:42:41Z
I_kwDOCSFa_M4770o3,https://github.com/google/docsy/issues/703,2021-09-23T14:59:06Z,,2021-11-02T14:28:14Z,2021-11-16T15:30:02Z
I_kwDOCSFa_M48FKmR,https://github.com/google/docsy/issues/704,2021-09-27T10:41:23Z,,2021-09-28T16:27:07Z,
I_kwDOCSFa_M48RFz3,https://github.com/google/docsy/issues/705,2021-09-29T15:32:21Z,,2021-09-30T11:11:05Z,2021-10-04T14:43:59Z
I_kwDOCSFa_M48vZMM,https://github.com/google/docsy/issues/713,2021-10-06T19:31:36Z,,,2021-10-08T10:10:20Z
I_kwDOCSFa_M48x7xA,https://github.com/google/docsy/issues/716,2021-10-07T07:43:46Z,,2021-11-12T18:43:38Z,2021-11-26T11:41:56Z
I_kwDOCSFa_M484-Bx,https://github.com/google/docsy/issues/717,2021-10-09T01:49:39Z,,2021-10-11T11:01:43Z,2021-10-11T11:01:43Z
I_kwDOCSFa_M488jzj,https://github.com/google/docsy/issues/718,2021-10-11T10:05:16Z,,2021-10-11T10:06:43Z,2021-11-18T15:33:12Z
I_kwDOCSFa_M49Lp6D,https://github.com/google/docsy/issues/720,2021-10-14T14:24:13Z,,2021-10-19T15:04:24Z,
I_kwDOCSFa_M49NPa1,https://github.com/google/docsy/issues/721,2021-10-14T22:38:49Z,,2021-10-14T22:54:40Z,2021-10-14T22:44:01Z
I_kwDOCSFa_M49Qspi,https://github.com/google/docsy/issues/724,2021-10-15T20:32:43Z,,2021-10-15T20:33:41Z,2021-10-19T15:03:30Z
I_kwDOCSFa_M49RC2J,https://github.com/google/docsy/issues/725,2021-10-15T23:05:59Z,,2021-10-15T23:15:09Z,
I_kwDOCSFa_M49RD_E,https://github.com/google/docsy/issues/726,2021-10-15T23:17:19Z,,2021-10-15T23:19:12Z,
I_kwDOCSFa_M49R_68,https://github.com/google/docsy/issues/729,2021-10-16T19:22:24Z,,2021-10-16T19:23:33Z,2022-08-16T09:31:37Z
I_kwDOCSFa_M49Wd-F,https://github.com/google/docsy/issues/730,2021-10-18T15:50:31Z,,2021-10-18T15:55:30Z,2021-10-18T15:55:30Z
I_kwDOCSFa_M49ayDO,https://github.com/google/docsy/issues/731,2021-10-19T15:10:07Z,,2021-10-21T13:30:38Z,2021-11-17T18:18:27Z
I_kwDOCSFa_M49eWLf,https://github.com/google/docsy/issues/732,2021-10-20T12:42:48Z,2022-01-18T16:35:47Z,2021-10-21T08:07:33Z,2022-01-16T07:21:01Z
I_kwDOCSFa_M49jPRH,https://github.com/google/docsy/issues/736,2021-10-21T15:41:11Z,,2021-11-02T16:13:24Z,2021-11-02T16:17:10Z
I_kwDOCSFa_M49kdV8,https://github.com/google/docsy/issues/738,2021-10-21T21:46:07Z,2022-01-18T16:41:43Z,2021-10-28T16:05:11Z,2022-04-26T19:29:20Z
I_kwDOCSFa_M49kfUG,https://github.com/google/docsy/issues/739,2021-10-21T22:00:27Z,2022-01-18T16:43:08Z,2021-10-21T22:01:37Z,2022-04-26T19:27:01Z
I_kwDOCSFa_M49lNnf,https://github.com/google/docsy/issues/740,2021-10-22T04:24:03Z,,2021-10-28T16:01:44Z,2021-11-02T09:54:51Z
I_kwDOCSFa_M49xKNf,https://github.com/google/docsy/issues/744,2021-10-26T13:24:47Z,2021-10-26T20:10:44Z,2021-10-26T20:10:27Z,
I_kwDOCSFa_M49ycbO,https://github.com/google/docsy/issues/745,2021-10-26T18:55:11Z,2021-12-17T16:42:43Z,2021-10-28T15:52:57Z,
I_kwDOCSFa_M49ynxQ,https://github.com/google/docsy/issues/747,2021-10-26T19:51:29Z,,2021-10-28T15:51:31Z,2021-11-02T16:12:13Z
I_kwDOCSFa_M496Ncr,https://github.com/google/docsy/issues/748,2021-10-28T15:44:15Z,,2021-10-28T15:49:19Z,2023-05-26T09:06:29Z
I_kwDOCSFa_M4-MzK3,https://github.com/google/docsy/issues/755,2021-11-03T12:48:28Z,,2021-11-03T12:53:58Z,2022-03-29T19:09:16Z
I_kwDOCSFa_M4-SuhE,https://github.com/google/docsy/issues/756,2021-11-04T18:52:44Z,,2021-11-05T15:48:03Z,2021-11-11T16:43:28Z
I_kwDOCSFa_M4-XqdY,https://github.com/google/docsy/issues/761,2021-11-06T04:15:14Z,,2021-11-11T16:50:42Z,
I_kwDOCSFa_M4-iiWs,https://github.com/google/docsy/issues/762,2021-11-09T23:43:25Z,,2021-11-09T23:44:21Z,
I_kwDOCSFa_M4-mqhv,https://github.com/google/docsy/issues/764,2021-11-10T21:24:46Z,,2021-11-11T16:51:24Z,2021-11-12T18:23:08Z
I_kwDOCSFa_M4-pue-,https://github.com/google/docsy/issues/765,2021-11-11T15:58:12Z,2022-01-13T21:17:50Z,2022-03-05T13:24:47Z,2022-03-05T13:24:47Z
I_kwDOCSFa_M4-5pH9,https://github.com/google/docsy/issues/770,2021-11-16T20:37:48Z,2022-01-18T16:31:11Z,2021-11-19T21:55Z,2023-06-16T15:49:08Z
I_kwDOCSFa_M4_HZXB,https://github.com/google/docsy/issues/775,2021-11-19T20:45Z,,2021-11-19T20:50:39Z,2021-11-19T20:50:39Z
I_kwDOCSFa_M4_I4eH,https://github.com/google/docsy/issues/776,2021-11-21T05:01:47Z,,2021-11-21T05:21:49Z,
I_kwDOCSFa_M4_Q1uB,https://github.com/google/docsy/issues/777,2021-11-23T14:52:40Z,2021-11-30T16:07:19Z,2021-11-23T16:52:11Z,
I_kwDOCSFa_M4_SNmJ,https://github.com/google/docsy/issues/778,2021-11-23T21:46:36Z,,,
I_kwDOCSFa_M4_abYo,https://github.com/google/docsy/issues/780,2021-11-25T20:00:14Z,2021-11-25T20:00:14Z,2021-11-25T20:05:08Z,2021-11-29T16:23:11Z
I_kwDOCSFa_M4_adtl,https://github.com/google/docsy/issues/781,2021-11-25T20:22:15Z,2021-11-25T20:22:25Z,2021-11-26T13:10:33Z,2021-12-03T16:59:25Z
I_kwDOCSFa_M4_afbC,https://github.com/google/docsy/issues/782,2021-11-25T20:39:59Z,2021-11-25T20:39:59Z,,2021-12-03T16:59:25Z
I_kwDOCSFa_M4_ait7,https://github.com/google/docsy/issues/783,2021-11-25T21:15:02Z,2021-11-25T21:15:02Z,,
I_kwDOCSFa_M4_khjH,https://github.com/google/docsy/issues/787,2021-11-29T21:50:39Z,,2021-12-02T18:54:51Z,2021-12-15T15:28:16Z
I_kwDOCSFa_M4_tndm,https://github.com/google/docsy/issues/791,2021-12-01T22:15:22Z,,2021-12-02T17:20:39Z,2021-12-02T17:20:42Z
I_kwDOCSFa_M4_4odF,https://github.com/google/docsy/issues/793,2021-12-06T07:17:08Z,,2021-12-06T15:05:48Z,2021-12-07T20:47:49Z
I_kwDOCSFa_M4_5Q1r,https://github.com/google/docsy/issues/794,2021-12-06T10:21:44Z,2021-12-17T14:31:34Z,2021-12-06T15:09Z,
I_kwDOCSFa_M5AMrS1,https://github.com/google/docsy/issues/803,2021-12-10T17:17:56Z,2022-08-18T09:04:41Z,2021-12-14T17:27:21Z,
I_kwDOCSFa_M5ANnxn,https://github.com/google/docsy/issues/804,2021-12-10T23:36:20Z,,2021-12-10T23:41:43Z,2021-12-17T12:21:57Z
I_kwDOCSFa_M5AWZ4y,https://github.com/google/docsy/issues/805,2021-12-14T11:02:30Z,,2021-12-14T14:45:15Z,
I_kwDOCSFa_M5Adcoj,https://github.com/google/docsy/issues/808,2021-12-15T19:58:11Z,,2021-12-16T12:50:45Z,2021-12-16T13:40:10Z
I_kwDOCSFa_M5Ak7u_,https://github.com/google/docsy/issues/810,2021-12-17T16:28:03Z,,,
I_kwDOCSFa_M5A_Vfz,https://github.com/google/docsy/issues/816,2021-12-29T08:13:58Z,2022-01-18T16:45:20Z,2021-12-29T09:33:22Z,
I_kwDOCSFa_M5A_VkX,https://github.com/google/docsy/issues/817,2021-12-29T08:14:31Z,,2022-01-05T11:53:51Z,2023-05-26T09:05:14Z
I_kwDOCSFa_M5BEiDN,https://github.com/google/docsy/issues/818,2022-01-01T01:07:55Z,2022-01-20T16:58:18Z,2022-01-20T16:58:39Z,
I_kwDOCSFa_M5BXBkN,https://github.com/google/docsy/issues/822,2022-01-07T18:16:59Z,,2022-01-07T23:45:27Z,2022-01-14T10:26:15Z
I_kwDOCSFa_M5BZwII,https://github.com/google/docsy/issues/825,2022-01-09T18:36:09Z,,2022-01-10T16:57:47Z,2022-01-11T16:18:46Z
I_kwDOCSFa_M5BlSJO,https://github.com/google/docsy/issues/827,2022-01-12T12:38:26Z,,2022-01-13T14:54:44Z,2022-01-14T11:19:58Z
I_kwDOCSFa_M5Bryen,https://github.com/google/docsy/issues/829,2022-01-13T16:19:56Z,,2023-01-23T14:45:21Z,
I_kwDOCSFa_M5BtPul,https://github.com/google/docsy/issues/831,2022-01-13T21:09:57Z,2022-01-13T21:10:40Z,2022-02-16T19:58:05Z,2022-04-07T09:53:13Z
I_kwDOCSFa_M5BzTCU,https://github.com/google/docsy/issues/833,2022-01-14T17:59:42Z,,2022-01-14T21:21:50Z,2022-01-18T16:29:25Z
I_kwDOCSFa_M5B2nI7,https://github.com/google/docsy/issues/834,2022-01-15T20:04:22Z,2022-01-18T16:46:37Z,2022-01-15T21:49:47Z,2023-07-27T23:12:28Z
I_kwDOCSFa_M5B2slz,https://github.com/google/docsy/issues/835,2022-01-15T21:32:38Z,,2022-01-17T10:33:15Z,2022-01-18T09:34:56Z
I_kwDOCSFa_M5B21Yx,https://github.com/google/docsy/issues/836,2022-01-15T23:53:52Z,,2022-01-17T00:21:16Z,2023-06-10T01:00:55Z
I_kwDOCSFa_M5B7ATO,https://github.com/google/docsy/issues/838,2022-01-17T15:20:23Z,,2022-01-17T15:30:32Z,2022-01-19T10:29:32Z
I_kwDOCSFa_M5B_kDd,https://github.com/google/docsy/issues/843,2022-01-18T17:32:54Z,,2022-01-19T10:21:21Z,2022-01-19T10:47:34Z
I_kwDOCSFa_M5CAEn1,https://github.com/google/docsy/issues/844,2022-01-18T20:06:26Z,,2022-01-18T20:53:13Z,2022-01-18T21:11:24Z
I_kwDOCSFa_M5CAN24,https://github.com/google/docsy/issues/845,2022-01-18T20:54:40Z,2022-01-18T21:19:13Z,2022-01-19T10:17:36Z,2022-04-30T18:04:45Z
I_kwDOCSFa_M5CCO7k,https://github.com/google/docsy/issues/846,2022-01-19T09:52:53Z,,2022-01-19T10:12:13Z,
I_kwDOCSFa_M5CCeOk,https://github.com/google/docsy/issues/847,2022-01-19T10:47:23Z,2022-01-19T10:47:23Z,2022-01-19T16:23:11Z,2022-01-20T16:49:30Z
I_kwDOCSFa_M5CCea7,https://github.com/google/docsy/issues/848,2022-01-19T10:48:08Z,2022-01-19T11:20:24Z,2022-01-19T10:57:07Z,2022-03-28T20:18:59Z
I_kwDOCSFa_M5CCeh2,https://github.com/google/docsy/issues/849,2022-01-19T10:48:35Z,2022-02-02T20:10:52Z,2022-02-02T20:10:54Z,2022-04-08T12:55:22Z
I_kwDOCSFa_M5CDQJN,https://github.com/google/docsy/issues/850,2022-01-19T14:12:08Z,2022-01-19T14:12:08Z,2022-01-19T14:13:03Z,2022-01-22T16:22:59Z
I_kwDOCSFa_M5CFbSp,https://github.com/google/docsy/issues/853,2022-01-20T01:02:34Z,,2022-01-20T05:58:52Z,2022-08-11T12:02:11Z
I_kwDOCSFa_M5CGd9r,https://github.com/google/docsy/issues/854,2022-01-20T08:15:05Z,2022-01-20T10:41:39Z,2022-01-20T10:41:25Z,2022-04-02T17:48:15Z
I_kwDOCSFa_M5CKpWf,https://github.com/google/docsy/issues/856,2022-01-21T05:58:14Z,2022-01-21T10:55:32Z,2022-01-21T10:57:43Z,2023-06-07T20:43:29Z
I_kwDOCSFa_M5CLwvV,https://github.com/google/docsy/issues/857,2022-01-21T11:47:12Z,,2022-01-21T11:58:25Z,2022-01-21T15:07:35Z
I_kwDOCSFa_M5CMhlg,https://github.com/google/docsy/issues/858,2022-01-21T15:14:31Z,2022-01-21T15:14:31Z,2022-01-21T15:34:18Z,2022-02-02T19:59:08Z
I_kwDOCSFa_M5CQd_N,https://github.com/google/docsy/issues/861,2022-01-22T16:22:39Z,2022-02-04T20:01:33Z,2022-01-24T10:54:33Z,
I_kwDOCSFa_M5Cvc0j,https://github.com/google/docsy/issues/870,2022-01-31T17:39:06Z,2022-01-31T17:39:06Z,2022-02-03T15:03:01Z,2022-02-22T14:22:47Z
I_kwDOCSFa_M5Cx1e7,https://github.com/google/docsy/issues/872,2022-02-01T08:18:18Z,2022-08-15T09:42:24Z,2022-02-02T17:29:51Z,2022-08-15T15:31:30Z
I_kwDOCSFa_M5CzrRx,https://github.com/google/docsy/issues/873,2022-02-01T15:30:43Z,,2022-03-10T08:37:17Z,
I_kwDOCSFa_M5C0prk,https://github.com/google/docsy/issues/874,2022-02-01T19:13:59Z,,,2022-02-22T21:53:03Z
I_kwDOCSFa_M5C9EOm,https://github.com/google/docsy/issues/877,2022-02-03T16:35:14Z,2022-02-04T20:00:08Z,,
I_kwDOCSFa_M5C90kM,https://github.com/google/docsy/issues/878,2022-02-03T20:05:31Z,,2022-02-03T20:12:51Z,
I_kwDOCSFa_M5DAhce,https://github.com/google/docsy/issues/879,2022-02-04T13:33:30Z,2022-02-04T19:59:46Z,,2022-02-10T20:21:53Z
I_kwDOCSFa_M5DAjN1,https://github.com/google/docsy/issues/880,2022-02-04T13:41:48Z,2022-02-04T16:21:33Z,2022-02-10T20:33:58Z,2022-02-10T20:39:25Z
I_kwDOCSFa_M5DBdS7,https://github.com/google/docsy/issues/881,2022-02-04T17:42:12Z,,2022-02-04T17:49:32Z,
I_kwDOCSFa_M5DLKXI,https://github.com/google/docsy/issues/882,2022-02-08T09:30:01Z,,2022-02-08T10:46:27Z,2022-02-08T10:46:27Z
I_kwDOCSFa_M5DMrZj,https://github.com/google/docsy/issues/883,2022-02-08T15:21:05Z,,2022-02-09T11:39:24Z,2023-02-17T16:27:35Z
I_kwDOCSFa_M5DsydU,https://github.com/google/docsy/issues/888,2022-02-13T12:59:53Z,2022-02-14T09:34:32Z,2022-02-13T13:52:09Z,2022-03-05T16:38:51Z
I_kwDOCSFa_M5DzoD6,https://github.com/google/docsy/issues/890,2022-02-14T17:18:11Z,,2022-03-12T08:13:47Z,
I_kwDOCSFa_M5D0EN-,https://github.com/google/docsy/issues/891,2022-02-14T19:08:13Z,2022-02-14T19:43:59Z,2022-02-14T19:10:57Z,2022-02-14T21:12:36Z
I_kwDOCSFa_M5EJkKU,https://github.com/google/docsy/issues/897,2022-02-18T16:27:05Z,2022-02-18T16:27:05Z,,2022-02-21T21:17:04Z
I_kwDOCSFa_M5EQTaK,https://github.com/google/docsy/issues/899,2022-02-20T20:23:29Z,,,2022-02-20T20:42:26Z
I_kwDOCSFa_M5EQZWI,https://github.com/google/docsy/issues/900,2022-02-20T22:09:43Z,,2022-02-22T12:33:29Z,2022-02-22T12:33:29Z
I_kwDOCSFa_M5EQZ30,https://github.com/google/docsy/issues/901,2022-02-20T22:19:04Z,,2022-02-21T07:14:56Z,2022-03-05T12:51:33Z
I_kwDOCSFa_M5EUqmW,https://github.com/google/docsy/issues/903,2022-02-21T22:14:54Z,2022-02-22T21:51:37Z,2022-02-22T12:31:09Z,2022-02-22T12:31:09Z
I_kwDOCSFa_M5EgF3T,https://github.com/google/docsy/issues/906,2022-02-24T13:03:29Z,2022-03-21T13:59:20Z,2022-02-24T13:56:23Z,
I_kwDOCSFa_M5EgJGc,https://github.com/google/docsy/issues/907,2022-02-24T13:15:16Z,2022-07-28T00:31:21Z,,
I_kwDOCSFa_M5EyiS7,https://github.com/google/docsy/issues/908,2022-02-28T13:32:31Z,,,2022-02-28T15:12:15Z
I_kwDOCSFa_M5FKY4Z,https://github.com/google/docsy/issues/914,2022-03-05T13:28:04Z,2022-03-05T13:28:04Z,2022-03-05T16:23:51Z,2022-03-05T17:15:54Z
I_kwDOCSFa_M5FKgzV,https://github.com/google/docsy/issues/917,2022-03-05T15:49:37Z,2022-03-05T15:49:56Z,2022-03-07T16:52:04Z,2022-03-07T16:52:04Z
I_kwDOCSFa_M5FQ5O6,https://github.com/google/docsy/issues/919,2022-03-07T23:49:19Z,2022-03-08T18:48:21Z,2022-03-08T01:09:05Z,2022-03-08T17:44:26Z
I_kwDOCSFa_M5FV7_p,https://github.com/google/docsy/issues/921,2022-03-09T01:14:23Z,2022-07-12T20:22:40Z,2022-03-28T16:12:44Z,2022-08-06T09:59:09Z
I_kwDOCSFa_M5FYMYB,https://github.com/google/docsy/issues/923,2022-03-09T13:54:43Z,,2022-03-09T16:16:33Z,2022-03-09T16:16:33Z
I_kwDOCSFa_M5FknSg,https://github.com/google/docsy/issues/930,2022-03-12T08:48:35Z,,2022-03-14T20:09:44Z,2022-03-14T20:09:44Z
I_kwDOCSFa_M5Fpbk0,https://github.com/google/docsy/issues/931,2022-03-14T14:49:10Z,2022-03-14T14:49:10Z,,2022-03-14T18:41:32Z
I_kwDOCSFa_M5FpoKN,https://github.com/google/docsy/issues/933,2022-03-14T15:24:50Z,2022-03-14T19:40:41Z,2022-04-04T20:08:36Z,2022-04-04T20:08:36Z
I_kwDOCSFa_M5Fq3rS,https://github.com/google/docsy/issues/934,2022-03-14T20:24:06Z,2022-03-14T20:24:06Z,2022-03-14T20:24:42Z,2022-04-04T11:34:53Z
I_kwDOCSFa_M5Fq4LG,https://github.com/google/docsy/issues/935,2022-03-14T20:26:14Z,,,2022-03-28T16:40:18Z
I_kwDOCSFa_M5FwfJS,https://github.com/google/docsy/issues/936,2022-03-15T22:43:51Z,2022-03-16T22:11:52Z,2022-03-16T22:11:40Z,2022-05-24T18:13:44Z
I_kwDOCSFa_M5F-Wyi,https://github.com/google/docsy/issues/937,2022-03-18T19:57:51Z,,2022-03-18T20:05:44Z,2022-03-18T20:05:16Z
I_kwDOCSFa_M5GD5e7,https://github.com/google/docsy/issues/939,2022-03-21T13:57:20Z,2022-03-21T13:57:20Z,,
I_kwDOCSFa_M5GFbiJ,https://github.com/google/docsy/issues/942,2022-03-21T19:13:36Z,,2022-03-25T15:44:23Z,2022-03-28T15:09:02Z
I_kwDOCSFa_M5GH-0-,https://github.com/google/docsy/issues/943,2022-03-22T09:22:26Z,,2022-03-24T23:45:50Z,
I_kwDOCSFa_M5Gflwu,https://github.com/google/docsy/issues/944,2022-03-27T22:34:55Z,2022-03-27T22:34:55Z,2023-01-27T14:02:38Z,
I_kwDOCSFa_M5GjeRz,https://github.com/google/docsy/issues/947,2022-03-28T16:41:42Z,,,2022-04-07T10:18:15Z
I_kwDOCSFa_M5Gj7wv,https://github.com/google/docsy/issues/948,2022-03-28T18:29:40Z,2022-03-28T18:29:40Z,2022-03-28T18:46:21Z,2022-06-27T14:52:12Z
I_kwDOCSFa_M5GkOJ6,https://github.com/google/docsy/issues/949,2022-03-28T19:39:32Z,2022-03-28T19:39:32Z,,2022-07-27T10:12:12Z
I_kwDOCSFa_M5GkWV6,https://github.com/google/docsy/issues/951,2022-03-28T20:11:22Z,2022-03-28T20:11:22Z,,2022-08-18T10:28:42Z
I_kwDOCSFa_M5HBt7J,https://github.com/google/docsy/issues/954,2022-04-04T11:18:01Z,,2022-04-04T11:21:36Z,2022-04-04T20:36:40Z
I_kwDOCSFa_M5HB6jw,https://github.com/google/docsy/issues/955,2022-04-04T12:05:05Z,,2022-04-04T20:29:52Z,2022-04-07T15:03:28Z
I_kwDOCSFa_M5HEGlq,https://github.com/google/docsy/issues/956,2022-04-04T20:07:43Z,,,2022-04-07T11:01:20Z
I_kwDOCSFa_M5HNwGW,https://github.com/google/docsy/issues/960,2022-04-06T15:38:02Z,2022-04-06T15:38:02Z,2022-04-06T20:12:08Z,2022-04-06T20:25:17Z
I_kwDOCSFa_M5HXRSB,https://github.com/google/docsy/issues/966,2022-04-08T12:53:41Z,,2022-04-15T17:41:17Z,2022-04-15T17:41:40Z
I_kwDOCSFa_M5HcSHY,https://github.com/google/docsy/issues/968,2022-04-09T13:17:40Z,2022-04-09T13:17:40Z,2022-07-09T13:50:25Z,2022-07-27T17:30:08Z
I_kwDOCSFa_M5HcSUR,https://github.com/google/docsy/issues/969,2022-04-09T13:19:07Z,2022-04-09T13:19:07Z,2022-04-15T17:30:44Z,2022-04-15T17:30:44Z
I_kwDOCSFa_M5HdAsr,https://github.com/google/docsy/issues/973,2022-04-09T22:14:23Z,2022-04-09T22:14:23Z,,
I_kwDOCSFa_M5H2eWQ,https://github.com/google/docsy/issues/976,2022-04-15T10:15:41Z,,2022-04-21T17:43:58Z,2022-04-23T16:04:05Z
I_kwDOCSFa_M5H2wOJ,https://github.com/google/docsy/issues/977,2022-04-15T12:20:42Z,,,2023-07-27T23:11:47Z
I_kwDOCSFa_M5H3ACk,https://github.com/google/docsy/issues/978,2022-04-15T13:59:15Z,,2022-04-21T17:54:08Z,2022-05-26T19:10Z
I_kwDOCSFa_M5H9HD7,https://github.com/google/docsy/issues/979,2022-04-18T16:14:40Z,,2022-04-18T20:17:29Z,
I_kwDOCSFa_M5IAXxH,https://github.com/google/docsy/issues/980,2022-04-19T09:25:46Z,,2022-04-19T12:46:43Z,2022-04-19T20:27:11Z
I_kwDOCSFa_M5IIGPH,https://github.com/google/docsy/issues/981,2022-04-20T18:50:36Z,,2022-04-21T17:41:06Z,
I_kwDOCSFa_M5IKz1S,https://github.com/google/docsy/issues/982,2022-04-21T09:54:43Z,,2022-04-21T09:57:27Z,2022-04-21T09:57:27Z
I_kwDOCSFa_M5IMUQB,https://github.com/google/docsy/issues/983,2022-04-21T15:17:05Z,,2022-04-22T16:51:38Z,
I_kwDOCSFa_M5IZkcG,https://github.com/google/docsy/issues/988,2022-04-25T15:12:22Z,,,
I_kwDOCSFa_M5IZ7fR,https://github.com/google/docsy/issues/989,2022-04-25T16:25:38Z,,2022-04-28T23:29:41Z,2022-05-09T17:06:11Z
I_kwDOCSFa_M5IgMfG,https://github.com/google/docsy/issues/991,2022-04-26T19:41:43Z,2022-04-26T19:41:52Z,2022-06-03T03:12:41Z,
I_kwDOCSFa_M5Ij8W0,https://github.com/google/docsy/issues/992,2022-04-27T13:42:44Z,,2022-04-27T14:30:47Z,2022-05-17T20:05:08Z
I_kwDOCSFa_M5Il3jX,https://github.com/google/docsy/issues/993,2022-04-27T21:09:45Z,2022-04-27T21:09:45Z,,2022-05-16T09:17Z
I_kwDOCSFa_M5JDjsY,https://github.com/google/docsy/issues/999,2022-05-04T17:26:18Z,,2022-05-04T17:49:54Z,2022-08-18T08:37:41Z
I_kwDOCSFa_M5JLHlH,https://github.com/google/docsy/issues/1002,2022-05-06T09:51:15Z,2022-05-29T20:06:54Z,2022-05-06T12:56:42Z,
I_kwDOCSFa_M5JMSfM,https://github.com/google/docsy/issues/1004,2022-05-06T14:43:02Z,2022-05-29T20:06:16Z,2022-05-07T05:31:12Z,2022-06-13T17:59:46Z
I_kwDOCSFa_M5JMrnb,https://github.com/google/docsy/issues/1005,2022-05-06T16:21:25Z,,2022-05-13T10:12:06Z,
I_kwDOCSFa_M5JRv9m,https://github.com/google/docsy/issues/1007,2022-05-09T08:52:17Z,,2022-05-13T10:11:20Z,
I_kwDOCSFa_M5J94T-,https://github.com/google/docsy/issues/1013,2022-05-19T01:50:55Z,,2022-05-19T09:20:06Z,2022-05-23T16:57:07Z
I_kwDOCSFa_M5KDsus,https://github.com/google/docsy/issues/1014,2022-05-20T01:12:04Z,,,2023-07-27T23:11:27Z
I_kwDOCSFa_M5KPQtp,https://github.com/google/docsy/issues/1020,2022-05-23T17:52:45Z,2022-05-23T17:58Z,2022-05-23T17:57:55Z,2022-06-17T15:57:28Z
I_kwDOCSFa_M5KPYLX,https://github.com/google/docsy/issues/1021,2022-05-23T18:24:09Z,,2022-05-23T23:19Z,2022-05-23T23:19Z
I_kwDOCSFa_M5KQn-O,https://github.com/google/docsy/issues/1022,2022-05-24T01:45:25Z,,2022-05-26T05:36:47Z,2023-03-09T17:51:09Z
I_kwDOCSFa_M5Kahi4,https://github.com/google/docsy/issues/1024,2022-05-25T17:59:04Z,,2022-05-25T19:07:28Z,
I_kwDOCSFa_M5KamED,https://github.com/google/docsy/issues/1025,2022-05-25T18:12:57Z,2022-08-18T15:41:25Z,2022-05-27T10:02:34Z,2022-10-07T16:13:44Z
I_kwDOCSFa_M5KcrSc,https://github.com/google/docsy/issues/1026,2022-05-26T02:58:38Z,,2022-05-26T05:20:04Z,2022-05-26T15:24:09Z
I_kwDOCSFa_M5KdoB0,https://github.com/google/docsy/issues/1027,2022-05-26T08:43:30Z,2022-05-27T11:16:11Z,2022-05-27T10:00:28Z,
I_kwDOCSFa_M5Kn6i_,https://github.com/google/docsy/issues/1029,2022-05-29T19:55:37Z,2022-05-29T19:55:37Z,2022-05-30T09:42:23Z,2022-06-16T11:11:54Z
I_kwDOCSFa_M5Ktm45,https://github.com/google/docsy/issues/1032,2022-05-31T07:50:26Z,,2022-06-13T10:15:05Z,2022-07-12T16:28:57Z
I_kwDOCSFa_M5LKuui,https://github.com/google/docsy/issues/1039,2022-06-05T16:45:07Z,,2022-06-08T11:03:23Z,2022-06-08T21:48:44Z
I_kwDOCSFa_M5LOrr0,https://github.com/google/docsy/issues/1040,2022-06-06T17:30:48Z,,2022-06-06T18:00:47Z,2022-06-06T18:48:31Z
I_kwDOCSFa_M5LPeaO,https://github.com/google/docsy/issues/1041,2022-06-06T20:07:03Z,,2022-06-30T22:06:31Z,
I_kwDOCSFa_M5LiWbi,https://github.com/google/docsy/issues/1046,2022-06-10T09:28:51Z,,2022-06-13T10:07:57Z,2022-06-13T19:25:09Z
I_kwDOCSFa_M5LptYK,https://github.com/google/docsy/issues/1047,2022-06-13T10:22:38Z,2022-06-13T10:22:38Z,2022-07-28T02:12:25Z,2023-07-13T16:37:41Z
I_kwDOCSFa_M5L29iB,https://github.com/google/docsy/issues/1056,2022-06-15T20:24:44Z,,2022-06-16T11:00:56Z,2022-06-30T21:54:20Z
I_kwDOCSFa_M5L-APt,https://github.com/google/docsy/issues/1058,2022-06-17T04:14:31Z,,2022-06-17T07:16:57Z,
I_kwDOCSFa_M5MEjSv,https://github.com/google/docsy/issues/1062,2022-06-20T02:04:24Z,,2022-06-20T20:27:23Z,2022-07-01T15:04:25Z
I_kwDOCSFa_M5MKx5R,https://github.com/google/docsy/issues/1063,2022-06-21T04:57:09Z,,2022-06-30T22:02:13Z,
I_kwDOCSFa_M5Mcw1K,https://github.com/google/docsy/issues/1065,2022-06-23T15:42Z,2022-06-23T15:42Z,2022-06-23T19:00:40Z,2022-06-24T12:04:19Z
I_kwDOCSFa_M5Mdr6v,https://github.com/google/docsy/issues/1066,2022-06-23T19:34:09Z,,2022-06-30T21:38:01Z,
I_kwDOCSFa_M5Mgy2T,https://github.com/google/docsy/issues/1071,2022-06-24T12:02:59Z,2022-06-24T12:02:59Z,,2022-08-15T17:00:20Z
I_kwDOCSFa_M5MjlBi,https://github.com/google/docsy/issues/1075,2022-06-25T01:10:11Z,2022-07-01T14:55:20Z,2022-06-25T11:48:30Z,2022-07-01T15:47:10Z
I_kwDOCSFa_M5Msx3j,https://github.com/google/docsy/issues/1076,2022-06-28T05:43:58Z,2023-05-04T15:36:26Z,2022-06-30T18:15:55Z,2023-07-12T13:56:13Z
I_kwDOCSFa_M5M6b6E,https://github.com/google/docsy/issues/1077,2022-06-30T16:33:42Z,2022-06-30T16:33:42Z,2022-06-30T18:55:38Z,2022-06-30T18:55:39Z
I_kwDOCSFa_M5M-09W,https://github.com/google/docsy/issues/1080,2022-07-01T15:15:15Z,,,
I_kwDOCSFa_M5M-5S0,https://github.com/google/docsy/issues/1081,2022-07-01T15:33:58Z,,2022-07-01T17:22:30Z,2022-07-01T18:51:19Z
I_kwDOCSFa_M5M-8JZ,https://github.com/google/docsy/issues/1083,2022-07-01T15:47:30Z,2022-07-01T15:47:30Z,,
I_kwDOCSFa_M5M_Cug,https://github.com/google/docsy/issues/1085,2022-07-01T16:15:09Z,,2022-07-04T15:45:15Z,2022-07-07T10:48:56Z
I_kwDOCSFa_M5NFq7h,https://github.com/google/docsy/issues/1089,2022-07-04T15:47:31Z,2022-07-04T15:47:31Z,2022-07-06T18:11:50Z,2022-08-15T18:56:03Z
I_kwDOCSFa_M5NdNIw,https://github.com/google/docsy/issues/1091,2022-07-08T23:01:35Z,,,
I_kwDOCSFa_M5Nf4wj,https://github.com/google/docsy/issues/1094,2022-07-11T04:53:32Z,,2022-07-13T15:17:11Z,2022-07-13T15:17:12Z
I_kwDOCSFa_M5No9C7,https://github.com/google/docsy/issues/1096,2022-07-12T20:23:25Z,2022-07-12T20:23:25Z,,
I_kwDOCSFa_M5No9Su,https://github.com/google/docsy/issues/1097,2022-07-12T20:24:32Z,2022-07-12T20:24:32Z,2022-07-29T20:01:12Z,
I_kwDOCSFa_M5NpBJn,https://github.com/google/docsy/issues/1099,2022-07-12T20:37:59Z,2022-07-12T20:37:59Z,2022-07-12T21:50:50Z,2022-07-12T21:50:50Z
I_kwDOCSFa_M5NpP-v,https://github.com/google/docsy/issues/1100,2022-07-12T21:53:42Z,2022-07-12T21:53:42Z,2022-07-12T22:08:28Z,
I_kwDOCSFa_M5Nvjau,https://github.com/google/docsy/issues/1101,2022-07-14T06:19:34Z,,,2022-07-25T22:27:20Z
I_kwDOCSFa_M5N3NhC,https://github.com/google/docsy/issues/1104,2022-07-15T17:43:48Z,2022-07-17T18:44:11Z,,2022-07-18T15:11:10Z
I_kwDOCSFa_M5OAux7,https://github.com/google/docsy/issues/1108,2022-07-18T23:57:27Z,,2022-07-26T15:53:11Z,2022-07-28T16:33:34Z
I_kwDOCSFa_M5OfQMK,https://github.com/google/docsy/issues/1111,2022-07-25T13:09:04Z,2022-07-25T18:31:35Z,2022-07-25T13:12:19Z,2022-07-25T21:59:24Z
I_kwDOCSFa_M5OhrEk,https://github.com/google/docsy/issues/1113,2022-07-25T22:30:44Z,2022-07-25T22:30:44Z,,2022-07-28T16:35:21Z
I_kwDOCSFa_M5Oh0j7,https://github.com/google/docsy/issues/1114,2022-07-25T23:20:20Z,2022-07-27T15:44:46Z,2022-07-27T11:36:12Z,2022-07-28T18:54:39Z
I_kwDOCSFa_M5OlU1R,https://github.com/google/docsy/issues/1115,2022-07-26T15:27:52Z,2022-07-26T19:06:25Z,2022-07-26T19:06:14Z,2022-07-26T19:09:01Z
I_kwDOCSFa_M5Oll9u,https://github.com/google/docsy/issues/1116,2022-07-26T16:17:37Z,2022-07-28T10:26:33Z,2022-07-27T11:34:42Z,
I_kwDOCSFa_M5OmLoH,https://github.com/google/docsy/issues/1120,2022-07-26T18:51:40Z,2022-07-26T18:51:40Z,2022-08-18T12:52:59Z,
I_kwDOCSFa_M5OnO60,https://github.com/google/docsy/issues/1122,2022-07-27T01:20:14Z,,2022-07-27T11:33:11Z,2022-07-27T13:12:57Z
I_kwDOCSFa_M5OpuzW,https://github.com/google/docsy/issues/1123,2022-07-27T13:24:31Z,2022-07-27T16:57Z,2022-07-27T16:05:54Z,2022-08-15T15:52:49Z
I_kwDOCSFa_M5OrlOU,https://github.com/google/docsy/issues/1130,2022-07-27T19:42:21Z,,2022-07-28T11:30:19Z,2022-07-29T10:24:53Z
I_kwDOCSFa_M5OsXQj,https://github.com/google/docsy/issues/1133,2022-07-28T00:31:31Z,2022-07-28T00:33:12Z,,2022-08-02T14:47:08Z
I_kwDOCSFa_M5Ow1ak,https://github.com/google/docsy/issues/1136,2022-07-28T20:13:23Z,2022-07-28T20:13:23Z,,
I_kwDOCSFa_M5O4thb,https://github.com/google/docsy/issues/1139,2022-07-31T15:16:02Z,,2022-08-03T10:48:04Z,2022-08-18T18:46:55Z
I_kwDOCSFa_M5O7WDz,https://github.com/google/docsy/issues/1140,2022-08-01T10:18:35Z,,,2022-08-01T10:22:12Z
I_kwDOCSFa_M5O-flj,https://github.com/google/docsy/issues/1141,2022-08-01T21:31:06Z,,2022-08-03T10:47:05Z,
I_kwDOCSFa_M5PGmY1,https://github.com/google/docsy/issues/1144,2022-08-03T12:15:25Z,,2022-08-03T17:15:09Z,
I_kwDOCSFa_M5PUQLa,https://github.com/google/docsy/issues/1146,2022-08-06T09:57:43Z,,,
I_kwDOCSFa_M5PfRRp,https://github.com/google/docsy/issues/1150,2022-08-09T17:56:10Z,2022-08-09T17:56:10Z,,
I_kwDOCSFa_M5PfsGV,https://github.com/google/docsy/issues/1151,2022-08-09T19:42:25Z,,2022-08-10T08:45:04Z,
I_kwDOCSFa_M5Pgmqn,https://github.com/google/docsy/issues/1152,2022-08-10T01:26:04Z,,2022-08-10T13:52:10Z,
I_kwDOCSFa_M5PgxoH,https://github.com/google/docsy/issues/1153,2022-08-10T02:54:36Z,,2022-08-12T11:53:01Z,2022-08-12T11:53:01Z
I_kwDOCSFa_M5Pqw8h,https://github.com/google/docsy/issues/1154,2022-08-12T00:08:48Z,2022-08-12T00:08:48Z,2022-08-12T13:24:38Z,2022-10-04T22:40:28Z
I_kwDOCSFa_M5PsuSA,https://github.com/google/docsy/issues/1156,2022-08-12T12:04:23Z,2022-08-12T12:04:23Z,2022-08-12T13:13:41Z,2022-08-18T18:57:49Z
I_kwDOCSFa_M5Ps3s_,https://github.com/google/docsy/issues/1158,2022-08-12T12:44:55Z,2022-08-12T12:44:55Z,2022-08-12T14:04:04Z,2023-05-04T14:48:39Z
I_kwDOCSFa_M5PysbI,https://github.com/google/docsy/issues/1162,2022-08-15T08:23:36Z,2022-08-15T08:23:36Z,,2023-08-02T20:08:45Z
I_kwDOCSFa_M5P0ems,https://github.com/google/docsy/issues/1165,2022-08-15T15:41:07Z,2022-08-15T15:41:07Z,2022-10-13T07:41:35Z,2022-10-18T15:37:36Z
I_kwDOCSFa_M5P0f-J,https://github.com/google/docsy/issues/1166,2022-08-15T15:46:45Z,2022-08-15T15:46:45Z,2022-08-18T17:16:23Z,2022-08-18T21:02:28Z
I_kwDOCSFa_M5P01Ec,https://github.com/google/docsy/issues/1168,2022-08-15T17:13:48Z,,,
I_kwDOCSFa_M5P039Q,https://github.com/google/docsy/issues/1169,2022-08-15T17:25:51Z,2022-08-15T17:33:25Z,2022-08-15T20:07:27Z,2022-08-18T07:54:44Z
I_kwDOCSFa_M5P04IS,https://github.com/google/docsy/issues/1170,2022-08-15T17:26:37Z,,2022-08-16T11:24:04Z,2022-08-16T13:05:43Z
I_kwDOCSFa_M5P05JM,https://github.com/google/docsy/issues/1171,2022-08-15T17:31:14Z,2022-10-13T07:39:50Z,2022-08-15T17:32:04Z,
I_kwDOCSFa_M5QATp7,https://github.com/google/docsy/issues/1177,2022-08-17T20:25:41Z,2022-08-17T20:25:41Z,2022-08-31T16:40:08Z,2022-10-05T13:07:19Z
I_kwDOCSFa_M5QCNY7,https://github.com/google/docsy/issues/1180,2022-08-18T08:43:11Z,2022-08-18T08:43:11Z,2022-08-18T09:56:34Z,
I_kwDOCSFa_M5QCYDV,https://github.com/google/docsy/issues/1182,2022-08-18T09:07:57Z,2022-08-18T09:07:57Z,2022-09-02T12:30:58Z,
I_kwDOCSFa_M5QCv4B,https://github.com/google/docsy/issues/1185,2022-08-18T10:28:12Z,2022-08-18T10:33:01Z,2022-10-10T16:09:49Z,2023-05-31T14:40:45Z
I_kwDOCSFa_M5QDEdx,https://github.com/google/docsy/issues/1188,2022-08-18T11:46:05Z,,2022-08-18T23:00:24Z,
I_kwDOCSFa_M5QJ6aL,https://github.com/google/docsy/issues/1194,2022-08-19T18:26:55Z,,2022-09-13T11:04:14Z,2023-05-24T16:22:58Z
I_kwDOCSFa_M5QL4pJ,https://github.com/google/docsy/issues/1195,2022-08-20T21:01:03Z,,,2022-08-22T16:42:25Z
I_kwDOCSFa_M5QYShB,https://github.com/google/docsy/issues/1196,2022-08-23T21:02:24Z,,2022-08-23T21:05:21Z,
I_kwDOCSFa_M5QdVGZ,https://github.com/google/docsy/issues/1197,2022-08-24T18:35:13Z,2022-08-24T18:35:13Z,2022-08-28T17:30:03Z,
I_kwDOCSFa_M5QgsDE,https://github.com/google/docsy/issues/1198,2022-08-25T11:24:56Z,,2022-08-29T11:35:40Z,2022-09-15T13:53:19Z
I_kwDOCSFa_M5Q0bDD,https://github.com/google/docsy/issues/1210,2022-08-30T15:09:15Z,,2022-08-31T14:46:08Z,2022-09-01T11:01:15Z
I_kwDOCSFa_M5RAT05,https://github.com/google/docsy/issues/1214,2022-09-01T15:27:55Z,2022-09-01T15:27:55Z,2022-09-02T07:57:41Z,2022-09-05T17:18:18Z
I_kwDOCSFa_M5RDFEt,https://github.com/google/docsy/issues/1215,2022-09-02T06:29:23Z,,2022-09-02T17:21:48Z,2022-09-02T17:21:57Z
I_kwDOCSFa_M5RFAC8,https://github.com/google/docsy/issues/1219,2022-09-02T14:22:02Z,,2022-09-05T12:25:09Z,2022-09-07T02:44:56Z
I_kwDOCSFa_M5RK67V,https://github.com/google/docsy/issues/1223,2022-09-05T11:49:40Z,,2022-09-05T14:10:56Z,2022-09-16T08:28:39Z
I_kwDOCSFa_M5RLTLA,https://github.com/google/docsy/issues/1224,2022-09-05T12:56:05Z,,2022-09-05T13:49:45Z,2023-05-04T15:34:23Z
I_kwDOCSFa_M5RaDBK,https://github.com/google/docsy/issues/1230,2022-09-08T08:28:01Z,,2022-09-12T14:13:30Z,2022-09-13T11:53:10Z
I_kwDOCSFa_M5RaI0q,https://github.com/google/docsy/issues/1231,2022-09-08T08:41:19Z,,2022-09-08T13:12:52Z,2022-09-12T14:58:31Z
I_kwDOCSFa_M5RgFie,https://github.com/google/docsy/issues/1232,2022-09-09T06:48:05Z,2022-09-09T06:55:37Z,,2022-09-12T15:05:05Z
I_kwDOCSFa_M5RjiC3,https://github.com/google/docsy/issues/1234,2022-09-09T20:02:34Z,,2022-09-10T20:07:19Z,2022-09-13T11:54:02Z
I_kwDOCSFa_M5Rl0le,https://github.com/google/docsy/issues/1235,2022-09-11T08:13:26Z,,,2022-09-12T14:03:46Z
I_kwDOCSFa_M5SOezh,https://github.com/google/docsy/issues/1238,2022-09-20T14:33:53Z,,2022-09-27T09:34:13Z,
I_kwDOCSFa_M5SiDB-,https://github.com/google/docsy/issues/1241,2022-09-24T12:29:58Z,,2023-01-23T14:08:12Z,
I_kwDOCSFa_M5SiJ54,https://github.com/google/docsy/issues/1242,2022-09-24T14:02:39Z,,2022-09-28T00:08:32Z,
I_kwDOCSFa_M5SoKcJ,https://github.com/google/docsy/issues/1243,2022-09-26T15:13:30Z,,,
I_kwDOCSFa_M5SsJtm,https://github.com/google/docsy/issues/1244,2022-09-27T08:03:37Z,,2022-09-27T09:39:58Z,2022-09-27T09:39:16Z
I_kwDOCSFa_M5TAHwp,https://github.com/google/docsy/issues/1250,2022-09-30T14:36:01Z,,2022-10-06T12:24:31Z,2022-10-31T09:31:26Z
I_kwDOCSFa_M5TRKHh,https://github.com/google/docsy/issues/1253,2022-10-05T00:27:28Z,,2022-10-05T08:36:13Z,2023-01-06T14:34:07Z
I_kwDOCSFa_M5TSspk,https://github.com/google/docsy/issues/1254,2022-10-05T08:11:35Z,2022-10-10T16:25:16Z,2022-10-10T14:37:48Z,2022-10-11T15:39:48Z
I_kwDOCSFa_M5TYiln,https://github.com/google/docsy/issues/1256,2022-10-06T06:54:48Z,2022-10-07T15:32:32Z,2022-10-06T06:56:16Z,2022-10-13T20:15:02Z
I_kwDOCSFa_M5TkA1C,https://github.com/google/docsy/issues/1263,2022-10-08T13:34:58Z,2022-10-08T13:34:58Z,,
I_kwDOCSFa_M5TkC89,https://github.com/google/docsy/issues/1264,2022-10-08T14:06:47Z,2022-10-08T14:06:47Z,2022-10-08T14:12:25Z,2022-10-08T15:02:04Z
I_kwDOCSFa_M5TkGI6,https://github.com/google/docsy/issues/1265,2022-10-08T14:54:22Z,2022-10-08T14:54:42Z,,2022-10-08T15:18:57Z
I_kwDOCSFa_M5TkHG7,https://github.com/google/docsy/issues/1267,2022-10-08T15:09:17Z,2022-10-08T15:09:17Z,2022-10-12T19:36:09Z,2023-05-31T13:57:48Z
I_kwDOCSFa_M5TqMZz,https://github.com/google/docsy/issues/1271,2022-10-10T18:37:58Z,2022-10-10T18:37:58Z,2022-10-11T13:24:06Z,2022-10-21T17:14:57Z
I_kwDOCSFa_M5TvMOX,https://github.com/google/docsy/issues/1273,2022-10-11T15:55:48Z,,2022-10-11T17:13:08Z,2022-11-02T16:40:26Z
I_kwDOCSFa_M5T0kVe,https://github.com/google/docsy/issues/1274,2022-10-12T14:10:10Z,,2022-10-21T14:05:44Z,2022-10-21T17:22:24Z
I_kwDOCSFa_M5T-_7l,https://github.com/google/docsy/issues/1281,2022-10-14T09:06Z,,2022-10-14T10:55:32Z,2022-10-17T15:53:07Z
I_kwDOCSFa_M5UB9j8,https://github.com/google/docsy/issues/1283,2022-10-14T20:06:10Z,,2022-10-31T09:29:41Z,2023-03-03T13:13:12Z
I_kwDOCSFa_M5UFRhZ,https://github.com/google/docsy/issues/1285,2022-10-16T23:36:17Z,2022-10-17T05:58:35Z,2022-10-16T23:52:08Z,2022-10-17T06:11:13Z
I_kwDOCSFa_M5UJgKV,https://github.com/google/docsy/issues/1287,2022-10-17T15:22:22Z,2022-10-17T16:05:27Z,2022-10-17T15:30Z,2022-10-18T06:56:29Z
I_kwDOCSFa_M5UMF45,https://github.com/google/docsy/issues/1288,2022-10-18T01:58:31Z,,2022-10-18T06:27:55Z,2022-10-19T01:07:22Z
I_kwDOCSFa_M5UQYbo,https://github.com/google/docsy/issues/1289,2022-10-18T17:21:17Z,2022-10-18T20:11:42Z,2022-10-18T20:11:14Z,2022-10-21T17:14:58Z
I_kwDOCSFa_M5Uj0pX,https://github.com/google/docsy/issues/1290,2022-10-21T17:56:04Z,,2022-10-24T14:29:07Z,2022-10-25T17:16:47Z
I_kwDOCSFa_M5U74Bi,https://github.com/google/docsy/issues/1295,2022-10-27T03:41:59Z,,2022-10-28T04:53:53Z,2022-11-01T04:06:18Z
I_kwDOCSFa_M5U-Feh,https://github.com/google/docsy/issues/1296,2022-10-27T12:32:59Z,2022-11-01T22:21:25Z,2022-10-27T19:55:33Z,2022-11-09T13:18:43Z
I_kwDOCSFa_M5VAnj7,https://github.com/google/docsy/issues/1297,2022-10-27T20:24:48Z,,2022-10-28T14:08:03Z,2022-10-28T14:08:03Z
I_kwDOCSFa_M5VXjTn,https://github.com/google/docsy/issues/1302,2022-11-01T23:26:05Z,2022-11-01T23:26:05Z,2022-11-01T23:51:31Z,
I_kwDOCSFa_M5VasNt,https://github.com/google/docsy/issues/1303,2022-11-02T12:26:09Z,2022-11-02T12:26:09Z,,
I_kwDOCSFa_M5VeWuu,https://github.com/google/docsy/issues/1304,2022-11-03T02:36:46Z,,2022-11-03T02:37:44Z,2022-11-03T12:48:21Z
I_kwDOCSFa_M5WMcmg,https://github.com/google/docsy/issues/1309,2022-11-11T23:42:53Z,2022-11-11T23:42:53Z,2022-11-11T23:44:57Z,
I_kwDOCSFa_M5WU--1,https://github.com/google/docsy/issues/1311,2022-11-14T16:08:05Z,2022-11-14T16:08:05Z,2022-11-14T17:39:34Z,
I_kwDOCSFa_M5XO-cz,https://github.com/google/docsy/issues/1319,2022-11-24T15:56:42Z,,2023-05-24T11:23:30Z,
I_kwDOCSFa_M5XUZPR,https://github.com/google/docsy/issues/1321,2022-11-25T22:44:19Z,,2022-11-26T11:25:47Z,2022-11-26T16:23:33Z
I_kwDOCSFa_M5XvbFa,https://github.com/google/docsy/issues/1324,2022-12-01T22:36:47Z,,2022-12-05T17:25:59Z,2022-12-19T22:31:04Z
I_kwDOCSFa_M5YCJU9,https://github.com/google/docsy/issues/1326,2022-12-05T16:40:25Z,,2022-12-05T19:22:57Z,2022-12-05T19:22:57Z
I_kwDOCSFa_M5YQV93,https://github.com/google/docsy/issues/1330,2022-12-07T01:47:02Z,,2022-12-08T13:13:24Z,2022-12-09T16:29:25Z
I_kwDOCSFa_M5YZi7W,https://github.com/google/docsy/issues/1331,2022-12-07T23:29:08Z,,2022-12-14T14:56:24Z,2023-01-11T09:00:26Z
I_kwDOCSFa_M5Yk_8O,https://github.com/google/docsy/issues/1332,2022-12-09T06:08:22Z,,2022-12-09T06:26:32Z,2022-12-09T06:26:33Z
I_kwDOCSFa_M5YrkHN,https://github.com/google/docsy/issues/1333,2022-12-10T02:39:50Z,,2022-12-14T14:53:40Z,2023-01-08T10:02:46Z
I_kwDOCSFa_M5ZOgRz,https://github.com/google/docsy/issues/1335,2022-12-14T16:21:06Z,,2022-12-14T16:41Z,2022-12-14T22:09:48Z
I_kwDOCSFa_M5ZV9Li,https://github.com/google/docsy/issues/1336,2022-12-15T18:53:45Z,2022-12-19T17:24:01Z,2022-12-16T16:59:59Z,
I_kwDOCSFa_M5ZcIyy,https://github.com/google/docsy/issues/1337,2022-12-16T16:53:39Z,2022-12-16T16:53:39Z,2023-02-22T22:47:56Z,
I_kwDOCSFa_M5ZmqP2,https://github.com/google/docsy/issues/1339,2022-12-19T17:23:03Z,2022-12-19T17:23:31Z,2023-01-06T11:53:24Z,2023-01-06T11:53:24Z
I_kwDOCSFa_M5a14vZ,https://github.com/google/docsy/issues/1346,2023-01-07T19:11:45Z,2023-02-11T20:02:54Z,2023-01-09T15:27:20Z,
I_kwDOCSFa_M5a3r7X,https://github.com/google/docsy/issues/1348,2023-01-08T15:06:35Z,,2023-01-09T11:32:28Z,
I_kwDOCSFa_M5bJJ3H,https://github.com/google/docsy/issues/1354,2023-01-11T14:12:41Z,2023-01-11T14:12:41Z,,
I_kwDOCSFa_M5bXgTr,https://github.com/google/docsy/issues/1355,2023-01-13T20:40:46Z,2023-01-13T20:40:46Z,2023-01-16T11:34:26Z,2023-01-16T14:17:14Z
I_kwDOCSFa_M5csrDi,https://github.com/google/docsy/issues/1364,2023-01-24T15:41:24Z,2023-01-24T15:41:24Z,,2023-01-25T14:40:39Z
I_kwDOCSFa_M5cs-hm,https://github.com/google/docsy/issues/1368,2023-01-24T16:31:06Z,,,2023-01-25T09:51:07Z
I_kwDOCSFa_M5ctKn0,https://github.com/google/docsy/issues/1369,2023-01-24T17:04:12Z,2023-01-24T17:04:12Z,,2023-03-02T23:33:06Z
I_kwDOCSFa_M5ctNI_,https://github.com/google/docsy/issues/1370,2023-01-24T17:10:28Z,,2023-01-24T17:40:15Z,
I_kwDOCSFa_M5cyAdo,https://github.com/google/docsy/issues/1375,2023-01-25T13:00:45Z,2023-01-25T13:00:45Z,,2023-05-04T14:48:39Z
I_kwDOCSFa_M5c3O6M,https://github.com/google/docsy/issues/1377,2023-01-26T11:12:44Z,,,2023-01-26T16:18:10Z
I_kwDOCSFa_M5c-Pg3,https://github.com/google/docsy/issues/1380,2023-01-27T14:02:35Z,2023-01-27T14:02:35Z,,
I_kwDOCSFa_M5dEPYm,https://github.com/google/docsy/issues/1381,2023-01-29T17:53:42Z,2023-01-30T17:19:53Z,2023-02-11T14:24:11Z,2023-02-11T14:27:25Z
I_kwDOCSFa_M5dJ34U,https://github.com/google/docsy/issues/1383,2023-01-30T17:30:51Z,2023-01-30T17:30:51Z,2023-01-30T19:28:21Z,2023-01-30T19:28:21Z
I_kwDOCSFa_M5dSNMU,https://github.com/google/docsy/issues/1385,2023-01-31T21:52:25Z,2023-01-31T21:52:25Z,2023-03-02T02:47:25Z,
I_kwDOCSFa_M5dWanP,https://github.com/google/docsy/issues/1387,2023-02-01T13:54:21Z,2023-02-01T13:54:21Z,,
I_kwDOCSFa_M5daQHY,https://github.com/google/docsy/issues/1389,2023-02-02T01:34:17Z,2023-02-02T01:34:17Z,2023-02-02T07:10:02Z,2023-06-15T16:48:42Z
I_kwDOCSFa_M5eFK7O,https://github.com/google/docsy/issues/1399,2023-02-09T18:44:02Z,2023-02-11T20:01:38Z,2023-02-09T21:55Z,
I_kwDOCSFa_M5eL00k,https://github.com/google/docsy/issues/1401,2023-02-10T18:44:20Z,2023-02-10T18:46:26Z,,
I_kwDOCSFa_M5eOdny,https://github.com/google/docsy/issues/1405,2023-02-11T13:47:16Z,2023-02-11T13:47:16Z,,2023-02-13T17:00:25Z
I_kwDOCSFa_M5eOeOz,https://github.com/google/docsy/issues/1406,2023-02-11T13:55:29Z,2023-02-11T13:55:29Z,,2023-02-23T13:34:33Z
I_kwDOCSFa_M5ecLkV,https://github.com/google/docsy/issues/1417,2023-02-14T16:14:03Z,,2023-02-14T17:26:25Z,
I_kwDOCSFa_M5eiLIG,https://github.com/google/docsy/issues/1420,2023-02-15T15:04:07Z,,2023-02-15T15:17:49Z,
I_kwDOCSFa_M5ekXTQ,https://github.com/google/docsy/issues/1423,2023-02-15T21:28:46Z,2023-02-15T21:28:46Z,,
I_kwDOCSFa_M5ekntZ,https://github.com/google/docsy/issues/1425,2023-02-15T22:21:23Z,2023-02-15T22:25:49Z,2023-02-15T22:25:54Z,2023-02-22T23:23:26Z
I_kwDOCSFa_M5erVY0,https://github.com/google/docsy/issues/1430,2023-02-16T21:53:09Z,,2023-06-09T18:28:04Z,2023-06-09T18:28:04Z
I_kwDOCSFa_M5ewBzK,https://github.com/google/docsy/issues/1431,2023-02-17T16:40:53Z,2023-02-17T16:40:53Z,2023-02-17T18:11:19Z,
I_kwDOCSFa_M5e4xyY,https://github.com/google/docsy/issues/1432,2023-02-20T14:11:39Z,2023-02-20T14:11:39Z,,
I_kwDOCSFa_M5fF4LJ,https://github.com/google/docsy/issues/1433,2023-02-22T16:05:58Z,,2023-02-27T15:30:42Z,
I_kwDOCSFa_M5fLSxh,https://github.com/google/docsy/issues/1436,2023-02-23T12:43:43Z,2023-02-23T12:43:43Z,,
I_kwDOCSFa_M5fW0X8,https://github.com/google/docsy/issues/1442,2023-02-25T20:09:05Z,2023-02-25T20:09:05Z,,
I_kwDOCSFa_M5fYM6F,https://github.com/google/docsy/issues/1444,2023-02-26T19:54:59Z,,,
I_kwDOCSFa_M5fkDbg,https://github.com/google/docsy/issues/1450,2023-02-28T15:26:52Z,2023-02-28T15:26:52Z,2023-02-28T15:31:08Z,2023-03-02T14:29:41Z
I_kwDOCSFa_M5fx9Vu,https://github.com/google/docsy/issues/1453,2023-03-02T14:40:20Z,2023-03-02T14:40:20Z,,2023-05-31T14:28:45Z
I_kwDOCSFa_M5f-i-R,https://github.com/google/docsy/issues/1460,2023-03-05T14:55:01Z,2023-03-05T14:55:02Z,,
I_kwDOCSFa_M5f_bgv,https://github.com/google/docsy/issues/1461,2023-03-06T00:36:07Z,,,
I_kwDOCSFa_M5gQ6Zg,https://github.com/google/docsy/issues/1464,2023-03-08T10:35:23Z,,2023-03-08T11:16:04Z,2023-03-08T23:26:44Z
I_kwDOCSFa_M5gRSbj,https://github.com/google/docsy/issues/1466,2023-03-08T11:53:19Z,2023-03-08T11:53:19Z,2023-03-09T16:47:54Z,2023-05-26T17:06:24Z
I_kwDOCSFa_M5gT3yo,https://github.com/google/docsy/issues/1468,2023-03-08T19:45:20Z,2023-03-08T19:45:21Z,,2023-05-04T14:25:56Z
I_kwDOCSFa_M5gaxV8,https://github.com/google/docsy/issues/1473,2023-03-09T16:57:26Z,2023-03-09T16:57:26Z,,2023-03-09T21:02:09Z
I_kwDOCSFa_M5gf8hh,https://github.com/google/docsy/issues/1476,2023-03-10T13:32:17Z,2023-03-10T13:32:17Z,,2023-03-10T19:30:39Z
I_kwDOCSFa_M5gi5zs,https://github.com/google/docsy/issues/1479,2023-03-10T23:44:05Z,2023-03-10T23:44:05Z,,2023-03-10T23:54:10Z
I_kwDOCSFa_M5gltPY,https://github.com/google/docsy/issues/1481,2023-03-12T20:16:47Z,,,2023-05-25T22:13:21Z
I_kwDOCSFa_M5glthl,https://github.com/google/docsy/issues/1482,2023-03-12T20:20:37Z,2023-05-26T20:43:36Z,2023-03-26T05:02:52Z,2023-06-01T15:50Z
I_kwDOCSFa_M5gltph,https://github.com/google/docsy/issues/1483,2023-03-12T20:22:23Z,2023-05-26T20:39:52Z,2023-03-26T05:03:13Z,2023-06-01T15:50Z
I_kwDOCSFa_M5grhAv,https://github.com/google/docsy/issues/1484,2023-03-13T18:19:07Z,,2023-03-13T19:14:16Z,
I_kwDOCSFa_M5hdAqs,https://github.com/google/docsy/issues/1487,2023-03-22T03:24:35Z,,2023-05-24T10:31:30Z,2023-05-24T10:31:30Z
I_kwDOCSFa_M5hzAFH,https://github.com/google/docsy/issues/1489,2023-03-26T03:50:25Z,2023-05-25T17:51:10Z,2023-03-26T05:25:11Z,2023-05-25T19:23:42Z
I_kwDOCSFa_M5hzD1K,https://github.com/google/docsy/issues/1490,2023-03-26T05:08:29Z,,2023-05-24T10:23:59Z,2023-05-24T13:08:06Z
I_kwDOCSFa_M5ideB6,https://github.com/google/docsy/issues/1492,2023-04-03T11:37:08Z,,2023-04-03T11:56:14Z,2023-04-03T12:00:50Z
I_kwDOCSFa_M5ije-f,https://github.com/google/docsy/issues/1494,2023-04-04T08:56:57Z,,2023-04-04T09:04:20Z,
I_kwDOCSFa_M5jHRQD,https://github.com/google/docsy/issues/1495,2023-04-11T16:22:57Z,2023-04-12T13:16:48Z,2023-04-11T19:54:18Z,
I_kwDOCSFa_M5jaB8J,https://github.com/google/docsy/issues/1498,2023-04-14T08:23Z,,,2023-04-14T08:51:14Z
I_kwDOCSFa_M5lBjAY,https://github.com/google/docsy/issues/1508,2023-05-03T21:59:50Z,,2023-05-03T22:05:01Z,2023-05-03T22:04:05Z
I_kwDOCSFa_M5lGgoC,https://github.com/google/docsy/issues/1510,2023-05-04T15:03:45Z,2023-05-04T15:03:45Z,2023-05-30T20:36:45Z,
I_kwDOCSFa_M5l2OR-,https://github.com/google/docsy/issues/1514,2023-05-13T18:56:22Z,,2023-05-13T19:50:28Z,2023-07-12T13:58:15Z
I_kwDOCSFa_M5mI6Ju,https://github.com/google/docsy/issues/1517,2023-05-17T10:40:01Z,,2023-05-24T10:07:26Z,2023-05-24T10:07:26Z
I_kwDOCSFa_M5mVtJ8,https://github.com/google/docsy/issues/1520,2023-05-19T09:52:53Z,,2023-05-24T10:07Z,2023-07-12T13:56:13Z
I_kwDOCSFa_M5nAzec,https://github.com/google/docsy/issues/1526,2023-05-26T21:27:33Z,2023-05-26T21:27:33Z,,2023-05-26T21:31:59Z
I_kwDOCSFa_M5nXxhc,https://github.com/google/docsy/issues/1528,2023-05-31T13:51:52Z,2023-05-31T13:51:52Z,,
I_kwDOCSFa_M5nnnyA,https://github.com/google/docsy/issues/1531,2023-06-02T15:53:15Z,2023-06-02T15:53:15Z,2023-06-02T20:57:07Z,2023-06-05T21:39:58Z
I_kwDOCSFa_M5n2YoO,https://github.com/google/docsy/issues/1537,2023-06-05T18:18:46Z,2023-06-05T18:18:46Z,,
I_kwDOCSFa_M5n3wAH,https://github.com/google/docsy/issues/1538,2023-06-05T21:45:18Z,2023-06-05T21:45:18Z,,2023-06-05T21:57:15Z
I_kwDOCSFa_M5n34Fy,https://github.com/google/docsy/issues/1540,2023-06-05T22:10:40Z,,2023-06-08T23:30:52Z,2023-06-09T18:32:20Z
I_kwDOCSFa_M5n-KPV,https://github.com/google/docsy/issues/1545,2023-06-06T18:09:49Z,2023-06-06T18:09:50Z,,
I_kwDOCSFa_M5n_49i,https://github.com/google/docsy/issues/1548,2023-06-07T00:06:32Z,,,2023-06-07T13:34:46Z
I_kwDOCSFa_M5oOPP8,https://github.com/google/docsy/issues/1556,2023-06-08T20:08:44Z,,2023-06-08T20:28:02Z,2023-06-08T21:17:47Z
I_kwDOCSFa_M5oVMed,https://github.com/google/docsy/issues/1558,2023-06-09T19:16:42Z,2023-06-09T19:16:42Z,,
I_kwDOCSFa_M5oWZRo,https://github.com/google/docsy/issues/1559,2023-06-10T01:06:47Z,2023-06-10T01:06:47Z,2023-06-10T01:11:30Z,2023-06-12T23:03:51Z
I_kwDOCSFa_M5oWjTM,https://github.com/google/docsy/issues/1560,2023-06-10T02:10:47Z,2023-06-10T02:10:47Z,,2023-06-13T14:05:06Z
I_kwDOCSFa_M5oXTMh,https://github.com/google/docsy/issues/1562,2023-06-10T11:55:40Z,2023-06-10T11:55:40Z,,
I_kwDOCSFa_M5og6wn,https://github.com/google/docsy/issues/1564,2023-06-12T19:48:39Z,,,2023-08-03T17:53:50Z
I_kwDOCSFa_M5om996,https://github.com/google/docsy/issues/1568,2023-06-13T14:36:39Z,,2023-06-27T14:20:26Z,2023-06-27T14:20:26Z
I_kwDOCSFa_M5o3aO1,https://github.com/google/docsy/issues/1571,2023-06-15T18:38:14Z,2023-06-15T18:38:14Z,,2023-06-16T10:54:07Z
I_kwDOCSFa_M5o4joD,https://github.com/google/docsy/issues/1573,2023-06-15T23:07Z,2023-06-15T23:07Z,,
I_kwDOCSFa_M5o4zQS,https://github.com/google/docsy/issues/1574,2023-06-16T00:46:08Z,,,2023-06-16T15:43:12Z
I_kwDOCSFa_M5o5Fsi,https://github.com/google/docsy/issues/1575,2023-06-16T01:53:35Z,,2023-06-16T05:56:50Z,2023-07-27T23:08:36Z
I_kwDOCSFa_M5o_51p,https://github.com/google/docsy/issues/1583,2023-06-17T01:58:11Z,,,2023-06-17T17:00:50Z
I_kwDOCSFa_M5pUwS4,https://github.com/google/docsy/issues/1586,2023-06-21T08:23:56Z,,2023-06-21T14:55:39Z,
I_kwDOCSFa_M5prIri,https://github.com/google/docsy/issues/1591,2023-06-24T20:54:38Z,,2023-06-26T20:24:29Z,
I_kwDOCSFa_M5prVU-,https://github.com/google/docsy/issues/1592,2023-06-24T23:42:40Z,2023-07-27T18:30:06Z,2023-07-27T18:48:39Z,2023-07-27T18:48:39Z
I_kwDOCSFa_M5qPKC1,https://github.com/google/docsy/issues/1599,2023-06-30T11:19:48Z,,2023-07-04T08:42:29Z,
I_kwDOCSFa_M5qkof0,https://github.com/google/docsy/issues/1600,2023-07-04T13:58:45Z,,2023-07-04T15:19:51Z,
I_kwDOCSFa_M5qpseQ,https://github.com/google/docsy/issues/1603,2023-07-05T11:03Z,,2023-07-05T14:02:48Z,2023-07-09T04:29:31Z
I_kwDOCSFa_M5qq5Uw,https://github.com/google/docsy/issues/1605,2023-07-05T13:58:58Z,,2023-07-05T16:27:49Z,2023-08-03T10:45:23Z
I_kwDOCSFa_M5qt8x_,https://github.com/google/docsy/issues/1609,2023-07-05T22:13:39Z,2023-07-05T22:13:39Z,,2023-07-06T10:21:49Z
I_kwDOCSFa_M5rQBRB,https://github.com/google/docsy/issues/1617,2023-07-11T16:58:38Z,,,2023-07-12T20:13:53Z
I_kwDOCSFa_M5rjqic,https://github.com/google/docsy/issues/1619,2023-07-14T09:09:45Z,,,2023-07-27T23:07:36Z
I_kwDOCSFa_M5roUHk,https://github.com/google/docsy/issues/1622,2023-07-14T23:48:46Z,,,2023-07-15T16:23:23Z
I_kwDOCSFa_M5r9pST,https://github.com/google/docsy/issues/1624,2023-07-19T07:18:22Z,,2023-07-19T07:18:40Z,2023-07-19T07:18:32Z
I_kwDOCSFa_M5sF9lL,https://github.com/google/docsy/issues/1625,2023-07-20T08:56:36Z,,2023-07-27T23:07:22Z,2023-07-27T23:07:22Z
I_kwDOCSFa_M5sN9ih,https://github.com/google/docsy/issues/1628,2023-07-21T10:52:17Z,,2023-07-21T11:50:01Z,
I_kwDOCSFa_M5sT_Ar,https://github.com/google/docsy/issues/1629,2023-07-23T15:44:16Z,,,2023-07-27T23:06:48Z
I_kwDOCSFa_M5sWwAC,https://github.com/google/docsy/issues/1630,2023-07-24T08:25:04Z,,2023-07-24T11:39:26Z,2023-08-02T05:25:23Z
I_kwDOCSFa_M5s8xdV,https://github.com/google/docsy/issues/1634,2023-07-30T09:36:39Z,2023-07-30T09:36:39Z,2023-08-02T13:13:57Z,2023-08-02T20:10:46Z
I_kwDOCSFa_M5tAZQ9,https://github.com/google/docsy/issues/1635,2023-07-31T09:50:22Z,,2023-07-31T12:40:22Z,2023-07-31T12:40:22Z
I_kwDOCSFa_M5tKNNg,https://github.com/google/docsy/issues/1637,2023-08-01T14:17:24Z,,2023-08-04T12:42:25Z,2023-08-04T12:42:25Z
I_kwDOCSFa_M5tXPAb,https://github.com/google/docsy/issues/1641,2023-08-03T10:45:09Z,,,
I_kwDOCSFa_M5tdNGw,https://github.com/google/docsy/issues/1646,2023-08-04T09:12:34Z,,2023-08-04T11:19:34Z,
I_kwDOCSFa_M5teg1a,https://github.com/google/docsy/issues/1647,2023-08-04T13:06:52Z,,2023-08-04T14:30:38Z,
